null|机油|越来越少|20161102104819|1|4|我检查机油的时候总是看着机油越来越少,,,,,,,,,,,,,,,,,,,,,,,,,,,,,,,,,,,,,,,,,,,,,,,,,,,,,,,,,,,
null|null|“前冲”或“抖动”感|20161102104819|2|79|例如，如果第一步和第二步的操作过程很快，在发动机转速尚未下降到同步转速时就抬离合，且抬离合操作过快，发动机转速表指针由上向下快速摆动至同步转速，车辆可能会有“前冲”或“抖动”感,,,,,,,,,,,,,,,,,,,,,,,,,,,,,,,,,,,,,,,,,,,,,,,,,,,,,,,,,,,
null|车底|发出好像敲鼓（类似弹簧缺油）的声音|20161102104819|17|169|???车在15000公里的时候发现打转向时车底下发出好象敲鼓（类似弹簧缺油）的声音，特别是原地打方向时更清晰,,,,,,,,,,,,,,,,,,,,,,,,,,,,,,,,,,,,,,,,,,,,,,,,,,,,,,,,,,,
奥德赛|体型|臃肿，厚重|20161102104819|25|227|????????老款奥德赛的尾灯是镶嵌在贯通尾部的细长条反光饰条之上的，像是系了一条细腰带，准确地说是属于“时尚的MPV”，但体形上却难逃臃肿，尤其是下半部分显得过于厚重,,,,,,,,,,,,,,,,,,,,,,,,,,,,,,,,,,,,,,,,,,,,,,,,,,,,,,,,,,,
null|内饰|不好看|20161102104819|35|271|就是引进国内内饰不好看，听说油耗很高，以后配件也很昂贵,,,,,,,,,,,,,,,,,,,,,,,,,,,,,,,,,,,,,,,,,,,,,,,,,,,,,,,,,,,
null|油耗|很高
null|配件|很昂贵
别克|4s店|态度极度冷淡|20161102104819|39|276|7月初，想买台商务车，经过多方面考虑定下两种：别克GL8和本田奥德赛先到的别克4S店，转了半天没人理，主动找销售，说要买GL8，有台样车，锁着，不让看，态度极度冷淡,,,,,,,,,,,,,,,,,,,,,,,,,,,,,,,,,,,,,,,,,,,,,,,,,,,,,,,,,,,
4s店|态度|极度冷淡
别克|销售|冷漠，默然，冰冷到底|20161102104819|39|277|哎，直接走人，在网上看到过说别克的销售冷漠，没想到，比我想象的还默然，冰冷到底,,,,,,,,,,,,,,,,,,,,,,,,,,,,,,,,,,,,,,,,,,,,,,,,,,,,,,,,,,,
丰田|导航|信息点奇少，搜索出来结果少得可怜|20161102104819|65|408|结论：丰田导航信息点奇少，比凯立德、城际通等少得多，用凯立德等地图输入关键词搜索出来很多结果，用丰田导航搜索出来结果少得可怜,,,,,,,,,,,,,,,,,,,,,,,,,,,,,,,,,,,,,,,,,,,,,,,,,,,,,,,,,,,
null|消音器|坏了，质量问题|20161102104819|74|456|我的消声器不到50000公里就坏了，开车就像开本田拖拉机，强烈要求为我们免费换消声器，而且，不是一个二个人的问题，有这种情况的人很多，质量问题,,,,,,,,,,,,,,,,,,,,,,,,,,,,,,,,,,,,,,,,,,,,,,,,,,,,,,,,,,,
null|大灯|突然暗一下|20161102104819|96|588|我的车夜晚一踩刹车大灯突然会暗一下，不知道各位大侠是否有同样的问题,,,,,,,,,,,,,,,,,,,,,,,,,,,,,,,,,,,,,,,,,,,,,,,,,,,,,,,,,,,
皇冠|卡带地区|不怎么好看，基本上没有用途|20161102104819|127|682|皇冠的卡带地区不怎么好看，基本上没有用途，不知道那位高手可以建议或者改装过其他的实用的配件,,,,,,,,,,,,,,,,,,,,,,,,,,,,,,,,,,,,,,,,,,,,,,,,,,,,,,,,,,,
null|价格|升了很多|20161102104819|133|695|但我问了朋友，他以前买的车价是68万，靠~还不是一样，估计是之前的大排量税的问题，价格就升了很多，估计现在又是政策问题，价格降了下来~然后在看，没有无匙启动，想想也是，估计都是几年前设计理念的产品了，估计还跟不上改进,,,,,,,,,,,,,,,,,,,,,,,,,,,,,,,,,,,,,,,,,,,,,,,,,,,,,,,,,,,
威驰|后避震|存在质量问题==漏油|20161102104819|142|757|07威驰的后避震存在质量问题==漏油，不到两年我都换了3根了,,,,,,,,,,,,,,,,,,,,,,,,,,,,,,,,,,,,,,,,,,,,,,,,,,,,,,,,,,,
起步|提速|很慢|20161102104819|147|768|现在已开了1815公里，起步提速很慢，减震一般，最近一个星期在高速中有时会象砂石跌落的声音，大约2-3秒,,,,,,,,,,,,,,,,,,,,,,,,,,,,,,,,,,,,,,,,,,,,,,,,,,,,,,,,,,,
null|减震|一般
宝马|null|不结实|20161102104819|157|812|宝马怎么会那么不结实,,,,,,,,,,,,,,,,,,,,,,,,,,,,,,,,,,,,,,,,,,,,,,,,,,,,,,,,,,,
丰田|皇冠2.5|null|20161102104819|164|832|今天有些郁闷,在这里提醒一下想要买丰田皇冠车2.5的朋友.我去年三月提的车,是在深圳泥岗路的华日丰田4S店.现在车还不到两年,毛病多多:1.轮胎质量一般,补胎有四次,侧刮破一次导致现在还有用的四轮中有一备胎2.油耗感觉偏高,深圳市内一般13个左右3.右侧和尾箱经常有异响4.最近空调制冷效果差,昨晚和朋友出去,开19度后排朋友还冒汗,并且初了出风的声音外,有口哨声,一个字烦!!!被朋友攻击得很没面子,他们说比QQ都不如.今天LP开去4S店,师傅说没什么问题,交米换些风格之类的什么东东就可以了.我不太懂车,正常的保养都交他们S店的小梁业务(顺便说一下,这业务人很好,服务也不错),我不明白为什么保修期内碰到这类问题还要交米!5.保养费用比较大,平均应该在一千以上,几乎每次都有新项目要做,少则三四百多则五六百.我QQ745870831,很少上论坛,欢迎同类车2.5朋友多交流,向大家学习.,,,,,,,,,,,,,,,,,,,,,,,,,,,,,,,,,,,
皇冠2.5|轮胎|质量一般
皇冠2.5|油耗|感觉偏高
皇冠2.5|右侧|有异响
皇冠2.5|尾箱|有异响
皇冠2.5|空调|制冷效果差
皇冠2.5|保养|费用比较大
保养|费用|比较大
途安|null|费油|20161102104819|175|879|但我观察1.8t的途安比2.0费油，而且维修昂贵，容易出现烧机油的情况，根据常识加涡轮后发动机寿命要简短，而且涡轮容易坏，并且加t和双离合是作为新技术所以车的价格往往要高很多，而大家往往认为鬼肯定就好，新技术肯定是好但需呀发展，如果现在买就变成了试验品，是吧,,,,,,,,,,,,,,,,,,,,,,,,,,,,,,,,,,,,,,,,,,,,,,,,,,,,,,,,,,,
途安|维修|昂贵
途安|null|烧机油
null|升降档|顿挫感强烈|20161102104819|185|924|它直接决定了升降档时顿挫感强烈，起步肉，最高速不会太快，油耗高,,,,,,,,,,,,,,,,,,,,,,,,,,,,,,,,,,,,,,,,,,,,,,,,,,,,,,,,,,,
null|起步|肉
null|最高速|不会太快
null|油耗|高
null|风噪|明显加大了|20161102104819|221|1118|刚装了前后护罩和侧踏板，可发现加速时和正常行驶时的风噪明显加大了，不知各位前辈是否有同样感受,,,,,,,,,,,,,,,,,,,,,,,,,,,,,,,,,,,,,,,,,,,,,,,,,,,,,,,,,,,
08威驰|报警器|不响了|20161102104819|228|1192|我车子是08威驰，08年6月买的，现在原车自带的报警器不知道怎么不响了，就是用中控钥匙锁好后再用钥匙开门就是不响，以前都响了，还有貌似自动落锁好像也不行了，这是怎么回事啊,,,,,,,,,,,,,,,,,,,,,,,,,,,,,,,,,,,,,,,,,,,,,,,,,,,,,,,,,,,
DD|方向机|响|20161102104819|277|1512|第一批DD，目前6万公里，保养正常，方向机响有一段时间了，开空调后，更为明显点，打方向有吱吱的很轻微的声音，同时感觉方向变重（有可能是心理作用），就在方向盘里发出的声音，不是轴头，润滑的问题，另冷车启动，并无此问题，常常是到目的地时，特别是空调关后，会发现此声音，请老大看下，什么毛病，另有否其他TX有类似问题,,,,,,,,,,,,,,,,,,,,,,,,,,,,,,,,,,,,,,,,,,,,,,,,,,,,,,,,,,,
DD|打方向|有吱吱的很轻微的声音
车|后视镜|不舒服|20161102104819|284|1548|新车开了几天啦，觉得后视镜好像不舒服呢，特别是左后视镜范围小，好像有车过来总看不到，大家有这个感觉吗，都是怎么解决的呢,,,,,,,,,,,,,,,,,,,,,,,,,,,,,,,,,,,,,,,,,,,,,,,,,,,,,,,,,,,
车|左后视镜|范围小
中网|变化|不如老款好看|20161102104819|296|1662|但是中网的变化似乎不如老款好看，前大灯组合也没有改新,,,,,,,,,,,,,,,,,,,,,,,,,,,,,,,,,,,,,,,,,,,,,,,,,,,,,,,,,,,
中网|前大灯组合|没有改新
图胜|方向机|损坏|20161102104819|326|1784|图胜跑四万多公里出了两个问题....轮胎全换了.方向噪音...经沈阳路鑫店检查方向机损坏...质量太差..请车友慎购..本人悔买此车!!!!!,,,,,,,,,,,,,,,,,,,,,,,,,,,,,,,,,,,,,,,,,,,,,,,,,,,,,,,,,,,
图胜|质量|太差
皇冠|null|感觉没有12代的经典与大气|20161102104819|341|1809|车友“很皇很冠很皇冠”在回帖中称：感觉没有12代的经典与大气咯,,,,,,,,,,,,,,,,,,,,,,,,,,,,,,,,,,,,,,,,,,,,,,,,,,,,,,,,,,,
null|null|要运动不运动，要大气不大气，要稳重更不稳重|20161102104819|341|1814|车友“我为车狂”在回帖中道出了大部分车友对13代的感受：要运动不运动，要大气不大气，要稳重更不稳重,,,,,,,,,,,,,,,,,,,,,,,,,,,,,,,,,,,,,,,,,,,,,,,,,,,,,,,,,,,
DD|USB|连接后却读不出来|20161102104819|359|1916|刚买的DD车,USB存了好多歌曲,连接后却读不出来不知道是什么原因,有知道的大虾请告诉我一下,谢谢啦,,,,,,,,,,,,,,,,,,,,,,,,,,,,,,,,,,,,,,,,,,,,,,,,,,,,,,,
Q3标准版|刹车|有个问题|20161102104819|364|1925|我的是Q3标准版的，都半年多，刹车有个问题不知道大家是否也有类似情况在急刹时感觉踩到刹车又踩到“树枝”似的，不知怎么回事，后来发现在路况不平急踩刹车都有这感觉，还好有刹住，不然可以惨了我想应该不是我车问题，大家也应该有，有哪位能处理这类问题发表一下，谢谢啊,,,,,,,,,,,,,,,,,,,,,,,,,,,,,,,,,,,,,,,,,,,,,,,,,,,,,,,,,,,
null|响声|增大了|20161102104819|398|2044|今天发现响声增大了，源头较为容易找了，就是中控仪表盘上方的黑色塑料边框,,,,,,,,,,,,,,,,,,,,,,,,,,,,,,,,,,,,,,,,,,,,,,,,,,,,,,,,,,,
null|发动机|烧机油|20161102104819|406|2064|我的发动机有烧机油的现象，7千公里烧1升机油,,,,,,,,,,,,,,,,,,,,,,,,,,,,,,,,,,,,,,,,,,,,,,,,,,,,,,,,,,,
null|动力传输|突然迟缓|20161102104819|421|2135|发现问题的时候是2挡升3挡的时候动力传输突然迟缓,,,,,,,,,,,,,,,,,,,,,,,,,,,,,,,,,,,,,,,,,,,,,,,,,,,,,,,,,,,
小v|空调|有一股异味|20161102104819|508|2564|小弟的1.3AT小v空调在运行时突然会有一股异味，但是很快就没有了，不知道大哥们有没有类似的情况，正常吗,,,,,,,,,,,,,,,,,,,,,,,,,,,,,,,,,,,,,,,,,,,,,,,,,,,,,,,,,,,
DD|轮胎|质量不怎么样|20161102104819|515|2576|说实话，DD的轮胎质量不怎么样，不知道大家看法如何,,,,,,,,,,,,,,,,,,,,,,,,,,,,,,,,,,,,,,,,,,,,,,,,,,,,,,,,,,,
null|动力|不太够|20161102104819|515|2583|动力，不太够，，提速没法跟小车比，所以等首保时改一下，雷神整流器，VSD点火增压器，铱金火花塞都列入我改的清单里了4WD的感觉也不是很明显，但是上下马路牙子，很轻松，这就够了我觉得总之，刨去耗油不说，DD是好车，一部物有所值的好车，嘻嘻,,,,,,,,,,,,,,,,,,,,,,,,,,,,,,,,,,,,,,,,,,,,,,,,,,,,,,,,,,,
null|提速|没法跟小车比
途安1.8|空调|出风就很小了|20161102104819|520|2607|途安1.8刚一万五千公里，前几天去山东在高速上跑到150以上的时候空调出风就很小了（几乎没有风，非常热）当车速下来以后风量会自动变大，请问有没有人遇到相同的情况,,,,,,,,,,,,,,,,,,,,,,,,,,,,,,,,,,,,,,,,,,,,,,,,,,,,,,,,,,,
丰田|null|还真不如买个轿子开|20161102104819|523|2628|买丰田本田还真不如买个轿子开,,,,,,,,,,,,,,,,,,,,,,,,,,,,,,,,,,,,,,,,,,,,,,,,,,,,,,,,,,,
本田|null|还真不如买个轿子开
null|导航|和行驶路线不一致|20161102104819|525|2635|这几天我的导航显示一直和行驶路线不一致，一直为这事烦恼还以为自己倒霉买的车不好,,,,,,,,,,,,,,,,,,,,,,,,,,,,,,,,,,,,,,,,,,,,,,,,,,,,,,,,,,,
null|油门|没有推动力|20161102104819|529|2652|就是踩下煞车，然后换到油门却没有推动力，又或者，踩下去到了2000左右转数以前是空转，后面才好像有了档一样才有推动力,,,,,,,,,,,,,,,,,,,,,,,,,,,,,,,,,,,,,,,,,,,,,,,,,,,,,,,,,,,
null|灯光辅助|没有|20161102104819|548|2893|根本没有灯光辅助，这么长和大的车视线不好（在灯光暗的地方，根本就是垃圾，有P用,,,,,,,,,,,,,,,,,,,,,,,,,,,,,,,,,,,,,,,,,,,,,,,,,,,,,,,,,,,
null|视线|不好
刹车|声音|有很刺耳的声音|20161102104819|558|2945|"请问我的车在凉车启动的时候,车辆1档行驶踩刹车有很刺耳的声音(就像自行车闸皮摩擦车轱辘的声音""吱.."".声音不算是很大),行驶1公里后/热车之后在踩刹车就没有这样的声音了.凉车挂到当踩刹车就没有这样的声音.(最近发现的.由于上车我就听歌所以一直没有注意..这几天注意到了...郁闷呢..谁有知道的麻烦给个回应谢谢",,,,,,,,,,,,,,,,,,,,,,,,,,,,,,,,,,,,,,,,,,,,,,,,,,,,,,,,,
威驰|刹车|总能听见前轮嘎吱嘎吱的响|20161102104819|560|2947|我在倒车的时候抬刹车总能听见前轮嘎吱嘎吱的响不知道各位大侠的威驰有这样的情况吗,,,,,,,,,,,,,,,,,,,,,,,,,,,,,,,,,,,,,,,,,,,,,,,,,,,,,,,,,,,
null|空调|没了|20161102104819|568|2989|上周出了几天门，从北京回来的时候，最热的时候，空调没了，不舒服事小，没面子事大呀，这么中意的安安怎么这么不给长脸呀,,,,,,,,,,,,,,,,,,,,,,,,,,,,,,,,,,,,,,,,,,,,,,,,,,,,,,,,,,,
null|外扬式后车窗|只能开那一条小缝|20161102104819|577|3054|1、外扬式后车窗只能开那一条小缝，通风很不爽；2、取消了副驾的折叠杯架，增加了置物箱（我气称垃圾箱，有某JS还特意给我纠正是置物箱不是垃圾箱），令我放超长的材料受限制；3、中排滑椅，就算加钱换成转椅，坐垫也不能折起,,,,,,,,,,,,,,,,,,,,,,,,,,,,,,,,,,,,,,,,,,,,,,,,,,,,,,,,,,,
外扬式后车窗|通风|很不爽
null|置物箱|令我放超长的材料受限制
null|中排滑椅|不能折起
null|皮带轮|发出的声音|20161102104819|592|3174|打开发动机舱，发现好像是皮带轮发出的声音，各位有知道是怎么回事的吗,,,,,,,,,,,,,,,,,,,,,,,,,,,,,,,,,,,,,,,,,,,,,,,,,,,,,,,,,,,
大麦|油耗|有点高啊|20161102104819|604|3245|最近我的大麦油耗有点高啊,,,,,,,,,,,,,,,,,,,,,,,,,,,,,,,,,,,,,,,,,,,,,,,,,,,,,,,,,,,
null|固特异轮胎|烧掉了一只|20161102104819|665|3588|不爽的是才换了半个月的固特异轮胎烧掉了一只，当天还加满了油,,,,,,,,,,,,,,,,,,,,,,,,,,,,,,,,,,,,,,,,,,,,,,,,,,,,,,,,,,,
null|null|闻到一股焦糊味|20161102104819|680|3656|第一天新车提回来，停在车库下车就闻到一股焦糊味，立马跟销售联系，说是新车磨合，刹车片的味道,,,,,,,,,,,,,,,,,,,,,,,,,,,,,,,,,,,,,,,,,,,,,,,,,,,,,,,,,,,
null|装配工艺|越来越差|20161102104819|710|3933|装配工艺真的越来越差，有的地方还不如我以前的polo，尤其方向盘下方的那个驾驶员手套箱，做的太差了，还有后排中间的杯架已经坏了，我7月14日的车哦，德国人严谨的作风还有多少时间供国人挥霍啊,,,,,,,,,,,,,,,,,,,,,,,,,,,,,,,,,,,,,,,,,,,,,,,,,,,,,,,,,,,
null|驾驶员手套箱|做的太差了
null|杯架|已经坏了
null|传动轴|断裂|20161102104819|763|4525|才两个月的新车传动轴断裂销售商和厂商说是传动轴见了水才导致断裂的责任有车主自己承担所以车主不服才找来老黄牛在西二环拉车游行的靠怎么发不了图片呀在这个里面大家可以去看看骏捷FRV俱乐部,,,,,,,,,,,,,,,,,,,,,,,,,,,,,,,,,,,,,,,,,,,,,,,,,,,,,,,,,,,
皇冠|大灯清洗装置|最浪费的|20161102104819|777|4560|现在的汽车配置越来越多，不过有好多都是浪费的，我觉得皇冠的大灯清洗装置是最浪费的，大家发表一下自己的看法啊,,,,,,,,,,,,,,,,,,,,,,,,,,,,,,,,,,,,,,,,,,,,,,,,,,,,,,,,,,,
null|马力|不怎么好|20161102104819|850|4901|个人感觉马力不怎么好,,,,,,,,,,,,,,,,,,,,,,,,,,,,,,,,,,,,,,,,,,,,,,,,,,,,,,,,,,,
null|方向机|漏油|20161102104819|851|4902|前几天方向机漏油了，买了修理包换了，换好以后，助力泵有点响，到现在，方向一会有，一会没有，高速正常，应该怎么办，,,,,,,,,,,,,,,,,,,,,,,,,,,,,,,,,,,,,,,,,,,,,,,,,,,,,,,,,,,,
null|助力泵|有点响
DD|左后视镜|有盲区|20161102104819|876|5054|DD的左后视镜有盲区，基本左边车道的车到了车后面5米左右就看不到了，而且大家是否有同感，就是左边镜子看一会儿会头晕,,,,,,,,,,,,,,,,,,,,,,,,,,,,,,,,,,,,,,,,,,,,,,,,,,,,,,,,,,,
null|大灯|null|20161102104819|924|5320|DD一年多了，基本都满意，就提一点，大灯的灯光不知各位兄弟有没有注意到，晚上开大灯时，你用下玻璃窗，或踩下刹车就会暗一下，开到就近的3S店查了下，说每个韩现的车都有这样的毛病，停在那的几辆打开来看了下，的确有同样的问题，3S给出答案，大家都有问题就不是问题了,,,,,,,,,,,,,,,,,,,,,,,,,,,,,,,,,,,,,,,,,,,,,,,,,,,,,,,,,,,
途安|内饰|有不足之处|20161102104819|949|5467|途安和同级别的轿车相比，其内饰确有不足之处,,,,,,,,,,,,,,,,,,,,,,,,,,,,,,,,,,,,,,,,,,,,,,,,,,,,,,,,,,,
车牌|质量|真差|20161102104819|985|5635|这车牌质量真差!!!!!!!,,,,,,,,,,,,,,,,,,,,,,,,,,,,,,,,,,,,,,,,,,,,,,,,,,,,,,,,,,,
null|车皮|太薄|20161102104819|996|5869|缺点显而易见，车皮太薄，车身轻，上高速没有安全感，120左右经过大车时，车就发飘了，真是紧张，车就像纸一样，左右飘动，这是日本车的通病；漆面太软，经常留下划痕,,,,,,,,,,,,,,,,,,,,,,,,,,,,,,,,,,,,,,,,,,,,,,,,,,,,,,,,,,,
null|车身|轻
日本车|漆面|太软
null|路噪|大|20161102104819|996|5870|整车除了发动机声音小点，路噪，胎噪，风噪都远大于欧美系,,,,,,,,,,,,,,,,,,,,,,,,,,,,,,,,,,,,,,,,,,,,,,,,,,,,,,,,,,,
null|胎噪|大
null|风噪|大
小威|波杆|最难看，细细长长的，看去特别没档次|20161102105319|11|55|小威最难看的就是自动的波杆了，细细长长的，看去特别没档次，中控勉强可以接受，看中的就是丰田的品质
null|发动机|“丝丝”声音|20161102105319|26|96|最近几天我发现一个问题，在打着火后能听到发动机类似“丝丝”声音，一二秒后就没有了，好象原来没听到过这种声音，心里略有不安，特请教各位刚友，这是什么声音，会不会有什么问题
null|发动机|嗡嗡的声音|20161102105319|29|102|昨天在院里连起步和倒车，偶尔会听到发动机嗡嗡的声音（感觉和服务器强排风一样）声音很大，站到旁边呼呼的热风
皇冠2.5强化版|大灯|照路时有许多阴影，枝条状|20161102105319|78|277|我的皇冠2.5强化版大灯照路时有许多阴影，枝条状，不知其他道友的皇冠有否此现象，凯美瑞可没有，要不要在首保时换掉
null|发电机|坏了|20161102105319|108|403|第一，发电机坏了，换了原厂的，存在问题：发电不够用（原来的也不够用，所以晚上开车时特别要注意，不要所有的电器一起用或开到最大）
鼓风机|声音|大|20161102105319|108|405|第三，空调的鼓风机声音大，虽然空调够凉，但是不能自动调节
null|车身|发飘|20161102105319|109|411|今天气温很低，并且风很大，车子跑到70多迈感觉车身发飘
发动机|声音|挺大的|20161102105319|128|510|怎么发现发动机的声音挺大的~
比亚迪|电机|重量重|20161102105319|143|632|比亚迪的主电机是50KW,副电机是25KW，一起是75KW的重量，那是相当的重，而且用的是永磁电机,技术简单，成本低，但是重量重，而且会有个什么问题?就是用了几年以后，会有磁力衰退,造成动力减少
电机|重量|重
电容大巴|效率|低下|20161102105319|143|655|这就造成电容大巴效率低下，而且走走停停多，加速能力非常差，需要经常充电
null|加速能力|非常差
null|null|异响|20161102105319|166|798|”的异响，声音不太大，但影响听音乐，好象有杂音似的
null|发动机|塑料味特别的大|20161102105319|181|875|提车不到一周，启动时发动机塑料味特别的大是毛病么，用上4S么，过一阵能不能没啊
发动机|声音|很大|20161102105319|197|931|首保更换机油后,为什么发动机声音很大?
null|油门踏板|有轻微的“达达哒”声音|20161102105319|205|948|我的车每次发动以后第一次踩油门时油门踏板感觉有轻微的“达达哒”声音，如果启动时先用怠速行走一小段再加油就不会有声音
null|声音|比较大|20161102105319|208|968|不管带速还是开动车内声音比较大,反正比伊兰特大很多,其他感觉还性.
null|null|大幅减配|20161102105319|226|1025|理由如下：1、与进口车同档次相比，大幅减配；2、钣金太薄；3、漆面软而不平；4、各种灯泡经常坏；5、仪表没多久要么失灵，要么坏掉；6、各门边和接缝处，参差不齐；7、哎，不多说了......?欢迎拍砖
null|钣金|太薄
null|漆面|软而不平
null|灯泡|经常坏
null|仪表|要么失灵，要么坏掉
null|门边|参差不齐
null|接缝处|参差不齐
HG2.5导航版|发动机|冷启动噪音很大|20161102105319|234|1037|我的HG2.5导航版发动机冷启动噪音很大，水温上去后稍好
null|做工|无法比拟的|20161102105319|245|1061|进口的产品不管是做工、质量、手感等各方面确实是国产改装件无法比拟的，虽然价格高了些但真的是一分钱一分货
null|质量|无法比拟的
null|手感|无法比拟的
null|漆面|太软|20161102105319|272|1448|缺点就是漆面太软，跑了1趟高速就有了几个芝麻大的小白点
null|车身|抖动|20161102105319|275|1456|我的小安近20天前出现了在早晨启动后车身抖动现象，本人在跑了3天后到我们当地的4S（东营石大修理厂）进行了检查，经过电脑检测没事，维修顾问说应该是长期低转速运行燃油系统产生积炭造成的，建议我买了一罐大众专用的“燃油清洁剂”（160大元），要求在下次加油前先注入油箱再加油，跑跑就好了（维修顾问态度还是很亲切的）
null|车辆|抖动剧烈|20161102105319|275|1457|到10月23号我该加油了就按照要求加入了清洁剂，头两天感觉启动后抖动小了（但还是有），到了25号我晚上拉着老婆大人去西城百货大楼，刚到准备停车突然车辆抖动剧烈（主要是通过方向盘及座椅抖动感觉），发动机声音沉闷，并且加油不畅像要断火
发动机|声音|沉闷
null|加油|不畅像要断火
新胜达|避震|太硬|20161102105319|302|1563|朋友们你们好：??????????????关于新胜达的不尽人之处------避震（太硬），喇叭（经常单音），你们的新胜达是否也是这样
新胜达|喇叭|经常单音
途安|内部空间|表现比较一般|20161102105319|303|1571|大众途安空间该车全车尺寸为4411mm×1794mm×1670mm，轴距为2678mm，较短的轴距让途安的内部空间表现比较一般
大众|途安|null
1.8T车型|起步价|比较贵|20161102105319|303|1576|另外，1.8T车型近18万的起步价对于国内消费者来说也比较贵，涡轮增压发动机后期维护保养费用也比较昂贵，价格下不来也是导致途安难以热销的一大阻碍
涡轮增压发动机|后期维护|保养费用也比较昂贵
后期维护|保养费用|也比较昂贵
null|价格|偏高|20161102105319|322|1633|说实话这车也不错，但价格还是偏高
null|动力|有严重的动力问题|20161102105319|322|1636|而且有严重的动力问题，1.5的排量，再加上引擎比较老，买来也只能当QQ开了，而且说是有电动天窗，只是豪华版的
DD|GPS|不好使|20161102105319|326|1659|还有昨天提的DD的GPS不好使，后面的卡槽里没有GPS卡，4S说让韩方这几天给发个卡过来，不知道可信不?我说如果不给发卡我就退车，还有如果没发，这个GPS卡不知道外面能不能买得到
DD|卡槽|没有GPS卡
null|声音|出现""哧哧哧""的声音|20161102105319|351|1765|"车买来才400-500公里以后,现在每次跑到10公里以上车子就会出现""哧哧哧""的声音,800公里的时候踩油门会出现很大的""咀咀""声,象在喷油一样的,900公里的时候去了4S店,4S店说是电子油泵的问题,就更换了油泵,但还是不行,又更换了汽油滤芯,现在刚开始的""哧哧哧""声音没有了.但是喷油的""咀咀""声音还是有的..4S店说过段时间会好的,油路系统还有杂质,但我想想不太可能的,所以请大家帮我看看到底是什么原因出现了这样的情况."
null|油门|出现很大的""咀咀""声
手提箱|声音|有类似报警的声音|20161102105319|384|2016|今天高速上面速度到130时中间出风口部位风声很大当时开的外环绕最后关掉是就没声音了速度到了140后又响起一直是内环绕不知道是否正常还有速度到了180时手提箱内既然有类似报警的声音不知道其他兄弟有这样的情况没
null|null|车被划了一分钱大的小圆点能见到铁皮了|20161102105319|486|2505|我车被划了一分钱大的小圆点能见到铁皮了
起步|换挡|有点顿|20161102105319|697|3729|车怎么起步时1挡换2挡感觉有点顿??而且起步换挡换的比较迟要到2000转?到了2000转而且声音挺大又细又尖??上去30就好多了动力很灵敏尤如手动挡一样为什么调教的1挡换2挡这么迟呢??不明白?我说的情况只是起步时就是0-30这段???
起步|声音|挺大又细又尖
null|后驱|侵占了太多的车内空间|20161102105319|813|4362|但是它也并非完美驱动方式，后驱的设计最大的问题就是侵占了太多的车内空间
传动轴|传动效率|低一些|20161102105319|813|4375|既然说到了传动轴，正是需要由传动轴把动力由前传递到后驱动轮上，所以相对于前置前驱的另外一个缺点就是，它的传动效率要低一些
后轮|驱动力|很容易突破极限|20161102105319|813|4376|而且在高速过弯时，后轮的驱动力很容易突破极限，形成转向过度，使车尾横着飘出去
null|null|嘶嘶声：像气球漏气|20161102105319|819|4409|嘶嘶声：像气球漏气，大多是空调或冷却系统有毛病
null|空调|有毛病
null|冷却系统|有毛病
null|null|啸鸣声|20161102105319|819|4414|啸鸣声：大多出现在汽车转弯时
null|加速|失去动力|20161102105319|821|4423|昨天在行车途中，加速突然失去动力，待速不稳时高时低，不给点油就会熄火，去SSSS店也查不出具体原因，不知道各位是否遇到过这样的问题
null|待速|不稳时高时低
雨刮器|声音|有很大的声音|20161102105319|822|4424|毛毛雨时雨刮器刮在玻璃上有很大的声音，雨大时没了，除了更换雨刮还有什么办法让它不响吗
null|null|擦不下去，就好像磨了一样|20161102105319|823|4426|?回来后发现这一个地方用湿的纸巾也擦不下去，就好像磨了一样
金刚|null|抖动|20161102105319|943|5043|????天越来越冷，金刚也从夏天启动的时候偶尔抖动发展到现在冷车启动十之八九要抖，症状是打着火转速上升阶段不抖，转速降至1200转时开始抖，好像缺缸一样，排气也跟着噗噗响，有水喷出；持续时间有长有短，有时持续1分钟，有时持续十几分钟，然后慢慢幅度变小，恢复正常，折磨啊
金刚|排气|噗噗响，有水喷出
车头|null|异响|20161102105319|980|5281|最近发现一个问题，只要道路稍微有点颠簸，车头里面就会出现异响，响声就好像敲瓷缸的声音，“当当当”的，气温在5度以下时特别明显，而10度以上基本不会出现这种情况，不知是不是车子有问题
null|null|关门后，上面中间的缝隙有一指宽|20161102105819|0|0|大家有没有注意，关门后，上面中间的缝隙有一指宽，我想跑起来，那里风一吹肯定风躁很大
null|地盘|不全，而且不结实，指甲一抠就掉了，摸起来发粘|20161102105819|1|3|仔细看，新车地盘肯定做过防护，但是不全，而且不结实，指甲一抠就掉了，摸起来发粘，所以防护性能一般，如果在沿海或滨水地区，行走时地面飞沙走石，容易损坏原有防护层，锈蚀就容易发生，而且底盘一旦锈蚀，就不可逆转，因为你不可能经常趴在车底看看，所以当发现有问题的时候修补起来费用就大了
地盘|防护性能|一般
领驭|座位|没有小V的舒服|20161102105819|32|347|?目前为止的性能状况~大概是我之前只开过老爸的领驭，那座位实在没有小V的舒服，方向盘也只能适合男人用，又大又沉
领驭|方向盘|只能适合男人用，又大又沉
null|原地打轮|有吱嘎声|20161102105819|32|349|偶尔早上出库时原地打轮有吱嘎声，首保特意检查了一下，没有问题~发动机声音大，这个情况挺普遍的……一般路口绿灯起步时，那声音吼……然后嗖一下就蹿出去了……不知道别的车是不是也听见了所以不敢靠近，汗
发动机|声音|大
null|横杆|不喜欢，两头突出还太高，不美观|20161102105819|38|370|（不喜欢通用的横杆，两头突出还太高，不美观
NF御翔|null|成为一款标准的失败产品|20161102105819|49|608|因为过度“托大”，NF御翔已经成为一款标准的失败产品，若此次ix35依然重复当初的错误，那它同样难逃滞销的噩运
null|null|稍微大了一点点，有点臃肿的感觉|20161102105819|65|652|还有一点点，感觉这车稍微大了一点点，有点臃肿的感觉呵呵
null|氙气大灯|没有|20161102105819|95|743|3、没有氙气大灯，也不能选装，随动转向更别谈了
null|随动转向|更别谈了
null|塑料感|较大|20161102105819|95|746|6、车内塑料感较大，尤其门板内侧，和悦动的也一样，划上道道就弄不掉了
null|用料|一般|20161102105819|95|747|7、用料一般，关车门厚重感较差
关车门|厚重感|较差
null|质量|严重|20161102105819|101|774|严重的质量问题
35|做工|一般|20161102105819|106|783|清明我们这边在广场有车展，终于见到35.做工一般，塑料感太强
35|塑料感|太强
丰田|中控锁|集体失灵|20161102105819|134|954|央视刚刚报道：丰田系列的车辆，在福建省永春县湖洋镇的一条街上，全部中控锁集体失灵
null|车门|不能开也不能关|20161102105819|134|955|不能开也不能关，强制要钥匙打开车门，车辆报警器鸣叫不停
null|车辆报警器|鸣叫不停
座椅的|高低调节拉杆|碰腿|20161102105819|136|979|发现一个问题,每次上下车的时候,座椅的高低调节拉杆都会碰腿,经常需要重新调节高度,大家是不是也有这个问题.
08款新胜达|变速箱|油封大量漏油|20161102105819|137|980|今天08款新胜达在高速路上突然变速箱油封大量漏油，机油四溅，被后面的车发现叫停，刚去合肥4S检查发现部分齿轮磨损，说要自费维修，为什么要自费啊，才2万公里还在保修期内，现代车质量怎么这样差
变速箱|油封|大量漏油
现代车|质量|怎么这样差
小V|防擦条|是用双面胶粘上去的吗|20161102105819|138|984|我的小V是1.6MT的，门上的防擦条是用双面胶粘上去的吗，最近发现有要掉下来的迹象啊，防擦条?和门之间有好大的缝隙啊，晕啊~
null|速度|慢|20161102105819|153|1028|今天开车的时候,在转动方向盘的时候,发现车速度慢,基本相当于原地较快速转动的时候,会有一些象是电流一样的怪音出现.大家试试看有没有有?这样正常吗?高手说下吧
null|null|有一些象是电流一样的怪音出现
通话|质量|对方听不清楚|20161102105819|169|1247|首先是通话质量，由于麦克风与嘴巴有一定的距离，而且车内的环境相对嘈杂，所以经常出现对方听不清楚的情况
null|null|多不方便|20161102105819|169|1248|还有的就是对方的声音是通过汽车的喇叭播放出来的，要是车上有其他人在（绝大部份时间是这样）的话多不方便啊
神2|后排空间|有点小|20161102105819|258|1756|神2就是后排空间有点小
内饰|null|怎一个惨字了得|20161102105819|285|1839|?再看看内饰，怎一个惨字了得，设计的造型不错，这个我不否认，但用料惨不忍睹，还是那句话，与我那几万块的威乐用料一样一样的，——看到这里，我感到自己受到了强烈打击，很气愤，这么大力气设计出来的一款车，竟然做成这样
内饰|用料|惨不忍睹
null|轮胎|鼓起好几个包|20161102105819 |300|1904|该车在买回半年左右就有两条轮胎鼓起好几个包，当行驶三万多公里的时候又换了两条新的轮胎
车门|锁|经常坏|20161102105819 |300|1905|车门锁经常坏，四个车轮轴承和减振换过好几次，就连方向助力也会出现罢工的情况，好多的零部件刚过质保期就出问题了……………总之，通过使用我真的很惊叹吉利厂的技术和推脱责任的本领真的是世界一流
蓝鸟|悬架|实在太软|20161102105819 |359|2297|蓝鸟的悬架实在是太软了，我想弄个缓冲器加上去，不知道大家有没有用过的，谈谈感受
null|内饰|太塑料了，手感真的很差|20161102105819 |361|2425|5，内饰太塑料了，包括中控，基本是硬塑料组合，看上去还行，手感真的很差
null|中控|基本是硬塑料组合
null|工作台|有响动|20161102105819 |365|2489|就是稍路状不好的地方有一点颠的地方前工作台就有响动
内饰|用料|真的挺垃圾|20161102105819 |373|2518|再说内饰用料真的挺垃圾的，和我现在的马3一样到处是硬塑料没档次
null|天窗|有漏水现象|20161102105819 |409|2694|最近一次进自动洗车房时发现确实天窗有漏水现象，不过平时下雨天开车到时不会，是不是因为洗车房水压比较大的缘故，不知有没有解决的办法，4s店难道不知道天窗有问题
null|车噪|有点大|20161102105819 |410|2697|车噪有点大，我的爱车元月提的车，到现在为止跑了将近7000公里，目前我最高车速跑到150，没有飘的感觉
null|底盘|太低|20161102105819 |411|2703|现车实地观察:???底盘太低了,???离地才17CM,????还谈什么越野能力啊??,??连个马路牙子上去???,估计也要磕底盘了,杯具啊!!!?(1)?底盘抬高3厘米(2??)降价2万?否则-------------哈哈哈
null|发动机|没有劲|20161102105819 |453|2894|同样是2.0的，发动机好像没有劲
null|噪音|明显增大|20161102105819 |453|2896|本人开2.0rav4，ix35速度超过80噪音明显增大
喇叭|声音|让人失望，不浑厚比较单一|20161102105819 |686|4197|趁着人少按了下喇叭，喇叭声音让人失望，不浑厚比较单一的声响，滴滴滴那种
内饰|做工|粗糙|20161102105819 |700|4267|缺点：1.内饰做工粗糙，虽花哨但不精细，只能说比KIA狮跑强
null|浅色内饰|坐一次心痛一次|20161102105819 |717|4334|浅色内饰，坐一次心痛一次
null|大灯|不亮不远|20161102105819 |776|4682|总觉得大灯不亮不远????总觉得音响重低音太差????谢谢各位啊
音响|重低音|太差
中控台|硬塑料感|太强|20161102105819 |784|4760|中控台，这个最要命，硬塑料感太强，感觉不显档次，其他倒没什么，就等有机会驾驶起来感觉一下动力和操控了
null|内饰|太粗糙了|20161102105819 |845|5123|内饰也太粗糙了
null|null|null|20161102105819 |938|5686|2、起步提速的时候好像有点风啸的声音，当然，不是很明显，在安静的环境下听的比较清楚，其他TX有听到吗
null|自动落锁|没有|20161102105819 |968|5893|优点暂时不说了，缺点是没有自动落锁，太不安全了，昨天我们全家去磨车，老婆抱着1岁的女儿，没防住小家伙居然把车门的第一道锁拉开了，当时时速70左右
null|null|太窄，不大气|20161102105819 |975|5927|看了那么多图片和视频，觉得这车太窄了不大气，还没见过样车，希望不是这样
顶棚|设计|低矮，压抑感强|20161102105819 |997|6025|顶棚设计的低矮使得坐在车里的压抑感很强烈
suv|空间|这么局促|20161102105819 |997|6027|要说一下现代，SUV空间搞得这么局促，顶棚这么矮这是什么理念
null|null|声音有点大|20161102110319 |13|51|是这样吗?在4S店里开着车窗启动车，感觉声音有点大
小5|自动挡|null|20161102110319 |60|223|以几天试架小5，发现自动档的档杆胶质感太强，能换一些大气的档杆吗
自动挡|档杆|胶质感太强
null|油耗|有点厉害|20161102110319 |153|1259|油耗好像是有点厉害噢，尤其对我这新手来讲：我提车时加的２００元，今天开了１９０公里，第二格在跳了
一汽|水壶|纸做的|20161102110319 |203|1492|新车全部都在市区跑，偶尔压个井盖过个小坑什么的，也能把水壶颠破，一汽的水壶是纸做的呀
null|前排座椅|实在是有点高|20161102110319 |206|1497|有没有高人进来说说，我们的50前排座椅实在是高了点，我对比过，马6的座椅高低非常合适，而其包裹性也非常好，什么时候搞个二手的，换了它
null|右后门|有点涩|20161102110319 |237|1781|右后门从外面开有点涩，不是儿童锁的问题，哪位大侠知道怎么解决，敬请指导，谢谢
储物盒|盖子|变形了|20161102110319 |329|2440|大家好，不知大家遇到没有，提车两个月工作台上面储物盒的盖子变形了
后轮支架|钢梁|生锈|20161102110319 |330|2442|途安大毛病没发现，但是发现后轮支架钢梁已经开始生锈，漆皮脱落了
null|后备箱|滴水，设计存在缺陷|20161102110319 |412|2857|2、后备箱滴水我觉得后备盖设计存在缺陷，在打开的过程中，盖上的水会滴入后备箱中，雨大时会滴进去很多
null|动力|不足|20161102110319 |442|3052|但这种车最明显的就是小马拉大车，动力不足
null|动力|不是很顺畅|20161102110319 |460|3162|试驾一次，感觉动力确实不是很顺畅
null|动力|下降了，明显偏软|20161102110319 |535|3586|即使启动成功后，觉得动力比以前下降了，在走坡道时感觉明显偏软
null|油耗|过大|20161102110319 |535|3593|即便启动成功，也会造成油耗过大或发动机过热
null|发动机|过热
null|动力|太一般|20161102110319 |624|4200|不开不知道，一开吓一跳，动力太一般了，
null|行驶里程|不准确|20161102110319 |682|4549|5.剩余行驶里程不准确，前后变化幅度较大
null|噪声|胎噪、风燥都稍大|20161102110319 |682|4551|6.高速路上胎噪、风燥都稍大，开窗跑乱的很
A柱|视野|不好|20161102110319 |699|4659|2.A柱视野不好，两端均有盲区
null|车底|有异响|20161102110319 |721|4747|???美中不足：?????????一、停车后车底有异响，滴答滴答的，但是感觉应该不是质量问题，像是某种东西在冷却
null|黑内饰|容易脏|20161102110319 |721|4751|?????????三、黑内饰容易脏，特别是像我这样家里有宝宝的，小家伙几个来回，车里到处是灰色的鞋印
null|动力|有点涩涩的，不是很顺畅|20161102110319 |777|5133|等10几分钟后再开动车子，总感到车子的动力有点涩涩的，不是很顺畅
null|发动机|声音大|20161102110319 |854|5724|回天津的时候走沿海高速最高拉到170，再高就不敢跑了，发动机声音比较大
小5|空调|制冷效果也是不明晃|20161102110319 |864|5775|????大家的小5空调制冷怎么样呀，我是7月5号提的车，这两天天气太热，开空调根本就不管用，如果开到六，七档的话噪音很大的，制冷效果也是不明晃，还不如同事的威乐呢，大家的怎么样呀，有什么办法改善一下呀
空调|制冷|不好|20161102110319 |882|5892|?空调制冷不是很好
车身|null|不稳，有很大的晃动|20161102110319 |912|6189|在说说它发破心脏，在高速上想超个车是真费劲，还是2.5顶配的呢，跑的140的时候明显感觉车身不稳，有很大的晃动，而且噪音很大，上了160以后我油门都踩到底了也不见车速往上生，咋就那么慢腻
发动机|声音|很难听|20161102110319 |912|6190|在到170的时候我感觉那车好像是极限了，发动机的声音很难听，简直就像是个大解放141，替它悲哀下
35|方向盘|抖得厉害|20161102110319 |914|6196|35走砖道方向盘抖得厉害?
null|雨刷|响|20161102110319 |931|6304|小毛病也不少，比如雨刷响，空调响，转向柱有轻微响，后备箱助力不足，发动机噪音等等
发动机|动力|不行|20161102110319 |975|6568|原因是这样的：由于价格限制，只能买1.6的，这款发动机动力不行，300转以后噪音大（50也不小）
null|变速箱|null|20161102110319 |975|6570|变速箱是老4at，急加速降档延时比较厉害，接近2秒
null|样子|没有办法接受|20161102110319 |975|6572|最重要的是该款以后的样子我实在是没有办法接受啊，屁股翘的老高加上夸张的大嘴，完全没有了老款的神韵
null|储物空间|少|20161102110319 |975|6585|韩国人不厚道…其次储物空间少，太少，和小五没得比啊
null|null|单薄|20161102110319 |975|6588|感觉车很单薄，后悬架很硬，隔声不好，噪音大
内饰|硬塑料|破裂的很严重，容易伤人|20161102110319 |975|6619|还有要说的就是前几天的碰撞图片大家也都看了，硬塑料的内饰破裂的很严重，容易伤人，赶紧改进工艺吧，不要叫新的朋友失望
左前门|胶条|太厚|20161102110319 |975|6623|我的车是2月份生产的，先期小白鼠车主遇到的诸如雨刮器异响、仪表台异响、转向机异响、变速箱锁3档等很多毛病都没有赶上，买车时已经是第二版ECU程序了，二档乏力也基本解决了，但是后来依然发现了很多问题：1.左前门要用力才能关上，提车时4s说是新车，胶条太厚，用用就好了，后来发现是通病，不过习惯了就好了，不是大问题
null|空调|不怎么好|20161102110319 |979|6656|驾驶室的窗户控制左后窗户的键按不下去啊，可以抬但是按不动?其余3个都好使，谁知道什么毛病不
null|空调|不怎么好|20161102110319 |989|6675|?还有现在感觉空调不怎么好，要开到最大，还要开内循环才不感觉热，你们的呢
null|空间|狭小|20161102110319 |993|6684|刚上车时觉得空间狭小，但心里还不愿意承认，随着走得越远，这种感觉已是千真万确的了——这是事实
null|噪音|有点大|20161102110819 |44|268|?????2.车子开起来噪音有点大，朋友说是轮胎问题，他的70也是这样
发动机|声音|有点大|20161102110819 |45|273|现在发动机声音有点大，希望换好点的油可以解决这点
第三排|空间|小|20161102110819 |62|371|缺点就是第三排的空间太小，而且听说有网友反映噪声大和方向盘有问题，虽然问题不大，但我觉得途安还是比较适合中年男人吧
null|把手|抖得非常厉害|20161102110819 |80|484|??早上启动，刚启动就发觉抖得厉害，空档的把手抖得非常厉害
B50手尊版|发动机|声音好大|20161102110819 |118|650|我的B50手尊版，在每天早上起来启动的时候，预热阶段，发动机的声音好大，还伴有哒哒的响声，不知道是什么问题
冷车|风扇声|特别大|20161102110819 |172|960|另外，冷车启动后车前部（好像是散热器部位）风扇声特别大，热车后2-3分钟恢复正常声音
雨刷|电机声音|大|20161102110819 |176|992|感觉雨刷电机声音大，油耗大，达到15个左右
null|底盘|做得太糙|20161102110819 |226|1651|底盘做得太糙是一缺点，如果不信，钻入大众车和M6底下就会看出区别
null|车壳|太薄|20161102110819 |226|1652|车壳太薄、车重过轻是另一缺点，安全性有一定隐患
null|内部空间|太窄|20161102110819 |226|1711|就是内部空间太窄，180cm以上的同志建议不要坐或开君越，内部空间要比你想像的窄得多
null|喇叭|实在叫人不爽|20161102110819 |237|1872|但闷闷的喇叭实在叫人不爽
内饰|做工|一般偏下|20161102110819 |242|1894|另外内饰硬邦邦的，塑料感很强，做工一般偏下，本来35就不是很好，但它比35的还不如
ix35|异响|null|20161102110819 |252|1942|此前，在论坛里听说过ix35的异响，今天跑完长途加上约20km的不太很差的烂路后就听到了右后备箱里传来了很不爽的“卡啦”声，尤其在路面不平时明显
null|皮|薄|20161102110819 |254|1949|最不满意的有两点，一是车轻皮薄，和我现在的奇瑞A5一个重量，车门关闭的时候的厚重感还不如A5，35在北美碰撞指标非常好，估计到中国也偷工减料了；二是中控台灵气有余厚重不足，不够大气，当时坐朋友新买的新君威，一下子就被那厚重的中控台给吸引了，非常有高档车的感觉，也为此差点就定了新君威，但由于有一辆轿车了，SUV是必须的，才忍住了冲动，这几天新君威的小MM还给我打电话来着，说有优惠了，让我过去再谈谈
null|底盘|有周期性响声|20161102110819 |261|2042|车辆以中速以上速度行驶时，底盘有周期性响声，严重时驾驶室和车门发抖，方向盘强烈振动，直至于手发麻，这是由于方向传动装置动平衡被破坏，传动轴及其花键轴和花键套磨损过度引起的
Ix35|减震|不好|20161102110819 |271|2240|???对于Ix35，很多人反映减震不好
null|档把|抖动厉害|20161102110819 |309|2444|行进过程中出现换档松油、给油时档把抖动厉害
null|音响|声音时有时无|20161102110819 |310|2447|我的音响有一边好像接触不好，声音时有时无
内部空间|气味|很大|20161102110819 |336|2629|去年底买了辆奥德赛,一直以来内部空间气味很大,自已时间长了勉强能够撑得住,其他朋友一上车,感觉真受不了,四S店也去看了,说没辙,做车内除味两次花了一千多,柚子皮,柠檬,活性炭,全用了,也没有什么效果,急人!!!!!!!!!!!!!!我QQ号码是,188637627,请有经验朋友提点参考意见,帮助我解决这个问题,重谢!!!
null|怠速|抖动|20161102110819 |341|2646|??????我的金刚现在唯一存在的问题，也是困扰我三年的问题——点火后怠速抖动，具体症状还是打着火以后发动机抖动，有时十几秒，有时几分钟以后恢复正常，排气管尾气有汽油味，曾经去4s店用检测仪读取故障码，奇怪的是汽车电脑中并没有故障码，先后换过水温传感器、汽油滤、火花塞，均无作用，迷茫ing······??????我离4s店很远，去一次也非常不容易，只有求助于论坛上的各位大哥，应该再怎样排查故障呢
null|内饰|太简陋|20161102110819 |483|3681|可惜内饰太简陋，2吨多重，耗油且喝97的，2.0T发动机维护不便宜
null|灯光|不行|20161102110819 |544|3962|灯光不行
null|操控性|没什么很强|20161102110819 |544|3979|没什么很强操控性
5T|动力|稍差|20161102110819 |594|4336|5T的动力稍差，特别是起步的时候，本人没试驾过谢谢大家啊
喇叭|声|很小|20161102110819 |597|4346|喇叭声是很小，但是本着环保和减少污染的角度看，也说得过去
发动机|抖动|厉害|20161102110819 |794|5631|第二天还是老样子，烧油没有怠速，车突突，发动机抖动厉害，准备去4S店看看，郁闷死了
null|车漆|太脆弱了|20161102111319 |21|70|车漆真的太脆弱了，连厂里长安小面的车漆都比他硬,
null|油耗|厉害|20161102111319 |23|119|?这次耗油厉害，不知道怎么回事,
null|档位|难挂是通病|20161102111319 |24|124|开了几公里，目前发现问题是一档难挂，方向沉，档位难挂是通病，方向沉大家有没有,
null|方向|沉
远景|尾灯|不太好看|20161102111319 |27|128|我感觉远景的尾灯不太好看，我有一次看到别人把尾灯给贴上罩了，加上了亮条，就和有些现代途圣似的，谁的改了，能告诉一下吗，我也想改,,,,,,,,,,,,,,,,,,,,,,,,,,,,,,,,,,,,,,,,,,,,,,,,,,,,,,,,,,,
森林人|越野能力|并不出色|20161102111319 |45|258|但这套系统并非为越野而生，因为是粘性耦合结构，森林人的越野能力并不出色,,,,
三菱SUV|噪音|极大|20161102111319 |48|283|听说三菱SUV噪音极大，那天早起看一哥们打着森林人热车，凉车噪音也不小,,,,,,
null|油耗|不让人满意|20161102111319 |90|657|缺点：油耗方面不让人满意,
IX352.04WD这款车|发动机|很费油的|20161102111319 |111|710|从此得出IX352.04WD这款车的发动机是很费油的而且大大超出了工信部给出的11.8的市区油耗怀疑是空滤或者是油气燃烧不完全问题建议能引起厂家的足够重视，油价是最关系车主利益的东西,,,,,,,,,,,,,,,,,,,,,,,,,,,,,,,,,,,,,,,,,,,,,,,,,,,,,,,,,,,
左前门|空隙|好大啊|20161102111319 |140|882|2.左前门的空隙真的好大啊，冬天的风那是个忽忽的,
null|外形|不够大|20161102111319|143|922|不足：外形不够大，后备空间有点小了，还有那天杀的加价,,,,,,,,,,,,,,,,,,,,,,,,,,,,,,,,,,,,,,,,,,,,,,,,,,,,,,,,,,,
null|后备空间|小|
null|保养费|较高|20161102111319|143|925|不足：外形不象SUV，内饰不象日系车，后期的保养费较高,,,,,,,,,,,,,,,,,,,,,,,,,,,,,,,,,,,,,,,,,,,,,,,,,,,,,,,,,,,
null|左前门|异响|20161102111319|151|946|郁闷呀,今日突然发现左前门出现异响,就是开关门的时候发出咯吱咯吱的声音,大家有同样的问题吗?,,,,,,,,,,,,,,,,,,,,,,,,,,,,,,,,,,,,,,,,,,,,,,,,,,,,,,,,
途安|7座|牵强|20161102111319|156|958|途安在我看来，在实际使用来说至少有三个缺点：一是7座太牵强；二是后排空间并不像车外观看起来那么大，我原来看的狮跑、途胜等均比途安略微宽敞，途安毕竟是MPV啊，马5中排放倒最后至少要比途安宽敞一个手指（但毕竟马5轴距还是比途安长不少啊）；三是座椅两侧因为车体的凸起导致座椅放倒最后，无法向后调整角度，躺着旅行成为奢望,,,,,,,,,,,,,,,,,,,,,,,,,,,,,,,,,,,,,,,,,,,,,,,,,,,,,,,,,,,
途安|后排空间|不像车外观看起来那么大|
途安|座椅|无法向后调整角度|
消音器|噪音|大|20161102111319|200|1139|继续行驶加速又发现一个问题2.4的消音器噪音好像大了点,,,,,,,,,,,,,,,,,,,,,,,,,,,,,,,,,,,,,,,,,,,,,,,,,,,,,,,,,,,
点烟器插口|供电线|特别细|20161102111319|297|1775|这里要鄙视一下BJXD，点烟器插口的供电线特别细，肯定无法负载较大的电器,,,,,,,,,,,,,,,,,,,,,,,,,,,,,,,,,,,,,,,,,,,,,,,,,,,,,,,,,,,
null|喇叭|不太好摁|20161102111319|344|2003|?就是喇叭不太好摁,,,,,,,,,,,,,,,,,,,,,,,,,,,,,,,,,,,,,,,,,,,,,,,,,,,,,,,,,,,
智跑|动力|一般|20161102111319|452|2549|智跑的优点我就不说,主要说下试驾感觉不好的地方.1.2.0的智跑动力真一般,想要急加速几乎不可能.2.内饰做工不精细,一般.3.车窗没有一键式升.4.轮胎用的韩泰垃圾胎.5.胎噪比较大.6.可惜没有定速.,,,,,,,,,,,,,,,,,,,,,,,,,,,,,,,,,,,,,,,,,,,,,,,,,,,,,,,,
内饰|做工|不精细|
车窗|一键式升|没有|
轮胎|韩泰|垃圾胎|
null|胎噪|大|
null|定速|没有|
null|异响|严重|20161102111319|491|2777|我的10款才跑了三万公里，可现在车内异响是越来越严重了，而且不止一处，最严重的要算右侧面板那一片，已经让人到了忍无可忍的地步，唉，太夸张了，三十万就买了个这样的东西，该死的异响，我以前十万块的马自达也没有像这样呀，各位仁兄，你们的10款有没有这样，有没有解决的,,,,,,,,,,,,,,,,,,,,,,,,,,,,,,,,,,,,,,,,,,,,,,,,,,,,,,,,,,,
null|异响|三处|20161102111319|493|2780|异响目前有三处，第一处副驾驶座椅底部“吱吱”异响声，4S店把整个座椅底座换后消失,,,,,,,,,,,,,,,,,,,,,,,,,,,,,,,,,,,,,,,,,,,,,,,,,,,,,,,,,,,
小三|后视镜|不带加热功能|20161102111319|527|3187|小三的左右后视镜不带加热功能真的很不好,,,,,,,,,,,,,,,,,,,,,,,,,,,,,,,,,,,,,,,,,,,,,,,,,,,,,,,,,,,
暖风|噪音|大|20161102111319|633|3899|最近发现开暖风的时候，暖风的噪音很大，不是出风的声音，而是风扇的机械噪音,,,,,,,,,,,,,,,,,,,,,,,,,,,,,,,,,,,,,,,,,,,,,,,,,,,,,,,,,,,
null|噪音|大|20161102111319|764|4937|转速1500，噪音很大,,,,,,,,,,,,,,,,,,,,,,,,,,,,,,,,,,,,,,,,,,,,,,,,,,,,,,,,,,,
null|null|乱抖|20161102111319|764|4939|但今天早上打火时第一下没有启动，车乱抖，发动机带死不活的，生音像个破拖拉机,,,,,,,,,,,,,,,,,,,,,,,,,,,,,,,,,,,,,,,,,,,,,,,,,,,,,,,,,,,
发动机|声音|像破拖拉机|20161102111319|838|5348|开后感受背箱小没有放工具的地方售后服务差用手动时不太灵敏,,,,,,,,,,,,,,,,,,,,,,,,,,,,,,,,,,,,,,,,,,,,,,,,,,,,,,,,,,,
null|天窗|不一般高|20161102111319|843|5354|偶然发现天窗关闭时前后天窗不一般高，好像前边的高些（2-3毫米吧）,,,,,,,,,,,,,,,,,,,,,,,,,,,,,,,,,,,,,,,,,,,,,,,,,,,,,,,,,,,
null|指针|抖|20161102111319|847|5366|指针一直在抖，最后索性固定到10码不动的，不管车速多少都是10码,,,,,,,,,,,,,,,,,,,,,,,,,,,,,,,,,,,,,,,,,,,,,,,,,,,,,,,,,,,
null|刹车|不行|20161102111319|892|5604|?严重缺点1、刹车严重不行，今天在环城路开到60，前面一辆出租车急刹，在离我10米的时候我急刹，竟然刹不住，车底嘎嘎的响，还继续往前滑，吓得我一身冷汗，才60码呀，要是在高速140不完蛋呀，虽然我知道这是ABS,但我以前的车不像这样的,,,,,,,,,,,,,,,,,,,,,,,,,,,,,,,,,,,,,,,,,,,,,,,,,,,,,,,,,,
null|震动|厉害|20161102111319|897|5615|震动感觉也厉害了，真不知道是自己的感觉还是车的问题,,,,,,,,,,,,,,,,,,,,,,,,,,,,,,,,,,,,,,,,,,,,,,,,,,,,,,,,,,,
发动机|声音|大|20161102111319|905|5628|发动机的声音这么大?我弟弟的广本SUV都没我车的声音大,,,,,,,,,,,,,,,,,,,,,,,,,,,,,,,,,,,,,,,,,,,,,,,,,,,,,,,,,,,
null|车门|不好关|20161102111319|940|5874|1、车门不好关，不知道有办法解决没,,,,,,,,,,,,,,,,,,,,,,,,,,,,,,,,,,,,,,,,,,,,,,,,,,,,,,,,,,,
轮胎|噪音|大|20161102111319|940|5882|4、轮胎噪音有点大,,,,,,,,,,,,,,,,,,,,,,,,,,,,,,,,,,,,,,,,,,,,,,,,,,,,,,,,,,,
null|音响|不好|20161102111319|940|5883|5、音响不好,,,,,,,,,,,,,,,,,,,,,,,,,,,,,,,,,,,,,,,,,,,,,,,,,,,,,,,,,,,
现代新胜达|异响||20161102111319|978|6084|尊敬的韩国现代汽车公司，你们在中国销售的2010款现代新胜达为什么会有那么多异响，那么多小毛病，还纯进口的呢，唉，尊敬的韩国棒子们你们就不能用点心吗，是你们的智商不行吗，造不出好点的车吗，让你们中国的爷爷们用的舒心一点吗，每天开着你们棒子造的车，听着那些该死的异响别提有多恶心了，真后悔当初为什么不选深林人或者欧蓝德，也怪爷爷没钱，换车还得两年，爷爷以后打死都不换韩国车了，最后再说一句，韩国棒子们，你爷爷叫你回家吃饭,,,,,,,,,,,,,,,,,,,,,,,,,,,,,,,,,,,,,,,,,,,,,,,,,,,,,,,,,,,
null|气味|刺鼻|20161102111819|3|62|新车都有一股刺鼻的气味，开车时如果不开窗，十几分钟后就薰得眼睛睁不开了，很是难受……恳请大家支支招，有什么方法能快速消除车内的异味
null|油门|重|20161102111819|273|2201|感觉油门非常重，要用力踩才有动力，尤其是起步的时候，这需要一些适应
轮子|打滑|厉害|20161102111819|283|2274|另外就是在下雪天（路面湿，但没有积冰雪）试过0-100加速，轮子空转打滑厉害，测试时间是为9秒，看网上评测为8.4秒，当然这个数据是我自己心里默念的，哈哈，不知道路面干燥的情况下时间会不会再短一些
null|倒车雷达|没有|20161102111819|283|2282|当然最为不爽的事竟然没有倒车雷达
发动机|响声|大|20161102111819|354|2890|缺点，发动机响声挺大，关了音响后，座在车内很吵
null|价格|贵|20161102111819|358|2947|但是价格太贵了，249800元一分不少（劲酷版）
悬挂|减震|太差|20161102111819|375|3057|但是阳光最致命的缺点悬挂减震太差加速过弯车身甩的很大过凹凸路面的时候就像没有减震器一样很小的坑包都震得车里铛铛响这点对阳光来说很不给力，就像坐在纸壳箱子上拉着跑一样
null|车身|甩|
美国车|null|傻大个|20161102111819|407|3165|美国车有点傻大个，耗油大，油门、刹车反应迟钝，也PASS了
美国车|油耗|大|
美国车|油门|反应迟钝|
美国车|刹车|反应迟钝|
索兰托|油耗|大|20161102111819|448|3484|我朋友买的索兰托油耗太大了，13-15个油呢
null|减震|没有智雅版号|20161102111819|507|3996|没普通版的舒适，运动版的偏硬，减震没有智雅版的好
null|排气|不畅|20161102111819|666|4989|车子停过一晚我今天下午启动车子，车子排气不畅好像有东西堵着一样，出气一阵一阵的，而且很黑很丑，这种情况有半分钟我见不对，就立马熄火，过了一会启动又正常了，不知道是怎么回事
排气|汽油味|大|20161102111819|666|4990|不过我的排气感觉汽油味很大，叫93号
高速|风噪声|大|20161102111819|682|5113|????3.高速风噪大
喇叭|声音|档次低|20161102111819|814|6001|这喇叭不换不行，声音给人感觉档次低
日产全系|方向盘|难看爆了|20161102111819|828|6164|另外，日产全系的那个方向盘和排挡杆，真的是难看爆了
日产全系|排挡杆|难看爆了|20161102111819|834|6256|我感觉耗油量挺大的
null|方向盘|重|20161102111819|846|6333|几点不满意：1.方向盘确实重了点对于女士来说2.找了N年也没找到独立的开后备箱的按键...原来压根没有啊....其他的还在探索中，有了发现会与大家分享.满意度95%动力，北京家用足够空间，我和LP都苗条，一点问题没有内饰，如果你和大众，奥迪那些金属内饰比，觉得有质感多了
null|后备箱按键|没有|20161102111819|885|6612|响，声还很大是吧
null|右前门|细小声音|20161102112319|1|1|我的车刚过300公里，在走颠簸路面时，右前门发出“咯支咯支”的细小声音，声音虽然不大，但是很是烦人
远景1.5尊贵版|倒档|不好挂|20161102112319|23|301|各位兄弟，请问你们的是否有这个问题：我的是远景1.5尊贵版，倒档总不是很好挂，踩下离合几秒后才挂倒档，但较常听到车底的声响
沃尔沃|质量|不过关|20161102112319|84|653|但是，与其“安全车”的美誉以及高增长的速度不相匹配的是，沃尔沃在最近几年饱受质量不过关的质疑
null|下面|老响|20161102112319|89|694|现在车下面老响，走小石头路和过坑，或不好的路，那个感觉差啊
跑跑|声音|null|20161102112319|123|1057|我的跑跑为什么每次在40到50麦的速度在路上遇到比较大的坑的时候，压上去会发出类似避震器颠倒底的声音
10款豪华版|喇叭|有杂音|20161102112319|126|1106|我的是10款豪华版的，DD车里的喇叭数量不少，前后门都有，但是效果貌似不是很好，有时有杂音，不知道2.7排量的音响和10款的是不是一样的，音质咋样
null|右后门|关门费劲|
途胜|门|不关也能上锁|
null|null|异响|20161102112319|170|1263|大伙可能觉得我折腾，我也觉得我确实折腾，因为车有异响也正常，毕竟是车但我这人对声音特别敏感，车里如果有声音总会去响
内饰|黑塑料|接缝有刮擦|20161102112319|259|2191|?粗略看了一下大概，发现几个小问题：1：内饰的黑塑料部位，特别是接缝位又挂擦的小痕迹，看了旁边的跑跑，也发现这个问题2：发动机启动后，打开引擎盖，听发动机的怠速声，听到“滴滴滴滴”的声音，反正我形容不出来，去旁边的试驾车上停了一下，也有这个声音，我搞不懂了，这个正常不
发动机|怠速声|大|
方向盘|喇叭|不好按|20161102112319|329|2781|多功能按钮在方向盘上的，很不好按喇叭，极端情况下会很危险
发动机|烧油|严重|20161102112319|458|3594|发动机烧机油有点严重了，500公里发动机里的4升机油能消耗一半
null|null|咚咚声|20161102112319|471|3669|今天早晨开车有跑了一圈，类似咚咚的声音还有，但是时有时无，好像不是轮胎发出的声音，而是地盘发出的声音了
沃尔沃|null|危险|20161102112319|490|4063|危险沃尔沃，这个标题真是对号称世界上最安全汽车的沃沃最大的讽刺
null|减震|不好|20161102112319|510|4133|老板亲自试车，结果前右减震不好，稍微漏油，左前也不太好了
null|null|漏油|
null|噪音|恐怖|20161102112319|669|5163|大风那个吹，噪音那个恐怖
手动豪华版|起步|提速慢|20161102112319|703|5317|我提车已有4天多了，我的是手动豪华版的，我怎么感觉这个车，起步提速好慢啊，干加油，速度就是闷闷的上不去啊
沃尔沃|质量|差|20161102112319|782|5759|?沃尔沃的质量真是差啊
小三|胎压|高|20161102112319|831|6052|?听说小三出厂时的胎压都过高,每次过减速带的时候都提别的颠簸,不知道要放到多少才比较合适?请各位TX指点下!这里先谢过了
null|null|失望|20161102112319|833|6066|第一感觉有点失望，与想象中不一样
车内饰|null|失望|20161102112319|833|6073|车内饰非常失望，完全没有科技感
null|停车|声音大|20161102112319|910|6447|现在发动机在停车起步加油时声音明显增大，最难过的是有尖锐的哨音，去4S查过没有问题，有2个月左右的时间了，保养了2次，5000和7000左右的时候
null|起步|声音大|
跑跑|噪音|高|20161102112319|977|6861|?都知道，跑跑噪音比较高，想换个好鞋，但是又担心尺寸问题，米其林没这个型号，烦躁的很啊
汽油|质量|不行|20161102112819|19|69|?我想说的是，是现在的汽油质量真的不行了
null|做工|不行|20161102112819|19|70|还是车子便宜了做工不行了
1.5CVT乞丐版|顿挫感|null|20161102112819|42|151|大家好，我的是1.5CVT乞丐版，现在已经跑了1700多公里了，最近这几天开车发现个问题，就是，车在行驶的过程中有顿挫感，车速不超过40，减速，不睬油门也不睬刹车，感觉车有顿挫的感觉，车速在20的时候，加速踩油门，也有顿挫的感觉，不知大家有没有碰到这种情况
转速表|指针|漂移|20161102112819|44|156|昨天才注意到，车在怠速时，转速表指针一直在上下漂移，就像风吹的一样，幅度不大，在一个格以内
后箱备胎|底板|烫|20161102112819|46|165|我昨天揭开后箱备胎上的隔层，偶然摸到备胎下面那块备箱底板，哇，好烫，估计有6--70度左右，个人感觉这么高的温度是不是有些危险，天气有这么炎热，我的是2.0两驱GLS版
null|导航|不好用|20161102112819|55|210|刚提车两周，今天去青岛玩，用了下导航，觉得不是很好用，是不是没用习惯的问题呢
奥德赛|噪音|太大|20161102112819|76|297|奥德赛的噪音太大是不是和轮胎有关，还是和车本身的隔音有关?
null|定速巡航|存在缺陷|20161102112819|94|359|这与说明书上理论设定车速182km有很大差距,4，定速巡航存在缺陷，稍微加速或者遇到上升坡度转速变化惊人；5，刹车时部分车辆刹车盘异响；6，新车熄火后排气管异响
null|刹车|车盘异响|
null|油耗|高|20161102112819|95|399|而且油耗有点高了，目前400公里，均速15.6公里每小时，百公里23.1，不知磨合后是否会好些
null|安全气囊灯|亮|20161102112819|112|538|5.有次开车途中安全气囊灯亮了，检查方向盘没有异常，回家后继续求助论坛，按照论坛所讲检查了驾驶座下的插头，从新插了一回好了
null|方向盘|抖|20161102112819|112|548|7.有一个毛病一直没处理好，方向盘发抖
null|null|抖|20161102112819|112|549|最初100-110左右开始抖，经过四轮定位，动平衡后开始感觉好些了但上了高速120-130发抖，到现在也没根治
大智|方向盘|偏转|20161102112819|114|554|关于大智方向盘的问题?不知道各位拥有大智的车友是否出现这样的问题?无论大智是在行进中还是静止状态?大智的前轮在保持正直的前提下?方向盘是偏转的?且是往左偏转了大概15°左右?有类似的问题的车友说下处理方法先?谢谢
RAV4|变速箱|垃圾|20161102112819|117|578|不好意思跟他买一样的，RAV4和CRV那垃圾的变速箱以及鬼子的脆皮直接pass，当时去看了看IX35感觉这车挺时尚，就定了它了，哈哈，上图
CRV|变速箱|垃圾|
死S店|保养|坑爹|20161102112819|176|945|下午去死S店做了坑爹的保养、懂的帮我看看被坑了多少本来还有要我清洗空调什么的，觉得没必要就不要了后来又过来跟我说喇叭坏了，有保修电瓶要换空调格要换
4S店|二保|贵|20161102112819|244|1224|马上就二保了·····打电话问4s店说要四百块钱··我觉得太贵了···有的东西是不是不换也没事······要是换就换什么好啊·有经验的大家帮忙·······················
null|后门|异响|20161102112819|274|1471|一、后门异响处理绝招坛子里有人反映，智跑后备箱门有异响，我以“异响”为关键字在各车型的坛子里搜索了一遍，CRV、途观、奇骏、奥迪Q5/Q7等都有异响问题，上了100万以上的车异响问题相对少一些
智跑|后备箱门|异响|20161102112819|282|1565|下面我对大家在使用CVT时遇到的最大的两个问题：动力不足和疑似打滑简单分析一下
CRV|后备箱门|异响|
途观|后备箱门|异响|
奇骏|后备箱门|异响|
奥迪Q5|后备箱门|异响|
奥迪Q7|后备箱门|异响|
CVT|动力|不足|20161102112819|282|1566|一、动力不足的问题CVT本身确实不以运动性见长，但时至今日CVT也绝对不是汽车动力的短板，至于为什么大家普遍感觉CVT动力不足
null|外形|不喜欢|20161102112819|296|1725|外形不是很喜欢，而且这个价位可选择性就大多了
null|发动机|声音大|20161102112819|296|1760|这车的发动机声音有点大，尤其是刚刚打火的时候
发动机|声音|大|
null|胎噪|声音大|20161102112819|296|1761|胎噪声音也很大，升降窗户玻璃的时候声音也有点大，整车的隔音做的不是很好
胎噪|声音|大|
null|悬挂|太软|20161102112819|296|1763|我是不喜欢悬挂太软坐起来飘得感觉
null|悬挂|不喜欢|
null|null|不厚道|20161102112819|296|1775|这点太不厚道了
null|胎噪|声音大|20161102112819|296|1779|缺点和大家感受一样，胎噪声音稍大，发动机声音有点大，隔音做的一般，轮胎太爱塞小石子了
胎噪|声音|大|
null|发动机|声音大|
发动机|声音|大|
null|隔音|一般|
null|动力|不足|20161102112819|341|1995|3：车速在120以上明显感觉动力不足，在节气门开度达到3/4以上才能勉强的冲到140码，这时发动机转速4000转，按照最大扭矩194NM/4600转，如果发动机的调校没有问题的话，不需要这么高的发动机转速，而且在经济模式100-140其实应该是车辆相对来说比较经济的范围，所以是否可以将降档模式进行取消，并将TCC锁止数据进行修改，在2/4节气门开度时以锁止来控制扭矩的平衡
null|抖动|厉害|20161102112819|361|2210|怠速开着空调时，有时偶尔车子抖动厉害，一颤一颤的，其他车子有同感吗
null|车窗|不能自动关闭|20161102112819|382|2304|0四驱，白色的，总的来说性能还是不错的，但作为20万以上的一款车，车窗不能自动关闭，防夹手功能只有驾驶窗有，车镀铬条也没有，总觉北京现代真不厚道
车窗|自动关闭|不能|
北京现代|null|不厚道|
南充|4SSSS店|冷漠|20161102112819|382|2305|高位刹车灯右侧有一孔，安装时炸裂了，说是要到4SSSS店去换，车窗镀铬条也没安好，南充4SSSS店服务冷漠，真是.....
null|轮胎|好脏|20161102112819|402|2406|轮胎上好脏...中控台
null|空调|只吹热风|20161102112819|403|2409|如题，昨天还好好的，今天一开车，打开空调的时候发现只吹热风了，不论怎么调节温度都没用，也不是很热，就是比较温暖的风，但是不是凉风
IX35|锁止伐|产生间隙|20161102112819|407|2418|在我的泡泡发生此现象前，我关注过IX35，IX35很多车辆都有此类情况发生，具体说法为：锁止阀由于磨损，产生间隙，所以出现此现象，自动档的车均会出现此类现象，但大部分自动挡的车没有出现，归根结底为装配工艺问题
null|装配工艺|问题|
IX35|装配工艺|问题|
null|异响|折磨|20161102112819|414|2446|好久没发帖，可是一发帖是对自己爱车抱怨如此不受用，被异响折磨的没办法
null|味道|浓|20161102112819|423|2565|车里的新车味道到前天为止还很浓的味道，很讨厌，不过想了个好办法，我前天叫家里人去跟别人拿了几个柚子，剥开皮，肉不要，就单柚皮放到车里，很快消除新车味道，只要几天，现在几乎没什么新车味道了
null|氙气近光灯|偏低|20161102112819|423|2576|氙气近光灯偏低，没有提供大灯高低调节，只是提供随动转向，不满意
null|氙气近光灯|不满意|20161102112819|440|2711|回来时全车5个成人1个孩子（加上满后备箱的行李）感觉提速没有去的时候给力，而且超车换到时的晃动比去时幅度要大估计是小光到了满载的极限了
那梁|减配|可恨|20161102112819|502|3100|那梁被减配固然可恨，没有那钢梁发生追尾损失会增大，这是事实
上海大众|减配|无理|20161102112819|509|3171|严重抗议上海大众的无理减配
劲弦2.0高配|空调|响声|20161102112819|510|3176|劲弦2.0高配，开空调时有一声特别大响声，《正常运行没有》，请问你们有没有这响声，是空调毛病吗
null|发动机|null|20161102112819|516|3185|今天杯具了，中午加了100元93号油，开了没一会，发动机排放故障灯一闪一闪的，而且动力下降，油耗增大，哪位高手能告诉我这是为什么
发动机|排放故障灯|一闪一闪的|
null|动力|下降|
null|油耗|增大|
null|底盘左侧|null|20161102112819|526|3241|还记得那是刚买车第一天，第一次进地库，悲剧就从那天开始了，底盘左侧有块类似棉质的护板就被撕裂了，低头一看就可以看到一块三角形的板在那翘着，以后每次进地库的时候都能听到轻微的剐蹭声，只是声音一天比一天小
底盘|护板|撕裂|
奥迪|车门|瘪|20161102112819|539|3484|奥迪的漆没事，车门瘪了一点
索纳塔|null|不喜欢|20161102112819|574|3753|索纳塔家里人不喜欢
null|空调|出问题|20161102112819|574|3781|不知道大家有没有过这情况，准备过几天去4S检查下到底哪里出了问题，新车5000公里空调就出问题，不给力啊
null|胎噪|大|20161102112819|574|3820|记得刚把轮毂换了之后感觉胎噪大了，后来又换回去
null|起步|慢|20161102112819|655|4325|这车起步好慢，可能是离合器行程太长了
null|声音|大|20161102112819|676|4379|声音很大，吓我一跳，大家知道怎么回事吗
null|前窗玻璃|动静大|20161102112819|679|4383|还有前窗玻璃升降的时候，那个声音动静太大了
前窗玻璃|升降|声音大|
null|反光镜|null|20161102112819|705|4539|上次洗车就没有今天下午自己洗车的时候发现上半身出现好多小黑点反光镜上面也有擦都擦不掉请问各位有没有遇见类试情况呀
反光镜|小黑点|擦不掉|
null|空调滤芯|没有|20161102112819|730|4643|没有空调滤芯，底盘没有防撞底盘，密封性很差，门框密封条只有一半，天窗密封条不是全封，内饰质感差，感觉是劣质塑料做成，驾驶席座椅不能上下调节，方向盘只有2向调节
null|底盘|不防撞|
null|密封性|差|
null|门框|null|
门框|密封条|只有一半|
null|天窗|null|
天窗|密封条|不是全封|
null|内饰|质感差|
内饰|质感|差|
null|驾驶席座椅|不能调节|
驾驶席|座椅|不能调节|
null|离合|距离大|20161102112819|730|4644|粗略试驾了一下，离合距太大，油门太轻，感觉就是容易熄火，要不就得高速运转，半离合，不然真会熄火，还有就是动力不足
null|油门|轻|
null|熄火|容易|
null|动力|不足|
S60T6智雅|性价比|降低|20161102112819|739|4660|本人关注S60T6智雅很久了，但是由于改款取消了，改款后总体性价比降低
新胜达2.4L2驱至尊版|门|熄火不自动开锁|20161102112819|741|4667|我的是新胜达2.4L2驱至尊版的，8月12日提车了，现在跑了600公里，刚刚发现有一个小毛病，熄火了后四个门不自动开锁，不知道什么原因，去四S店去看看再向大家汇报
null|刹车|踩刹车响声不变|20161102112819|766|4817|另：踩刹车时响声不变，低于15码无，高于70码无（应该是风噪大听不见了）高手给指点下，应该是哪里的原因
null|侧弯|有点厉害|20161102112819|768|4831|侧弯还是有点厉害
null|油耗|大|20161102112819|768|4833|4、我纯市区的因素，感觉这车油耗大，那是相当的大，大概13L（每天20公里左右，40个左右的红绿灯，时速在10-40之间较多）偶尔跑跑国道和高速自驾玩玩
迷你是液压助力|力量|重|20161102112819|774|4878|15、迷你是液压助力，特点是力量重，不可变力度，需要发动机提供动力，对省油起相反作用
迷你是液压助力|力度|不可变|
null|手刹|哒哒声|20161102112819|774|4885|23、手刹出现6次“哒哒”声为平地正好刹住，陡坡请“哒哒”7声
4S|null|垃圾|20161102112819|781|5060|这才明白是当初没有修好，垃圾4S，垃圾修理工
修理工|null|垃圾|
副厂件|质量|较差|20161102112819|815|5201|但副厂件的质量较差，其胶圈易坏，容易导致漏油，直接影响发动机的运作，导致磨损，不建议使用
null|胶圈|易坏|
null|起车|皮带响|20161102112819|854|5486|起车时皮带响的厉害是怎么回事，走起来就不响了，15000公里
起车|皮带|响|
IX354驱尊贵版|变速箱|异响|0161102112819|897|5775|IX354驱尊贵版，去年5月提的车，到现在跑了16200多公里，除了变速箱异响外，一直没什么大毛病
null|发动机|不开|20161102112819|897|5776|昨天早上跑了大概20公里熄火后，再启动，只能接通电源，启动时转速表瞬间上到2500左右，直接回到0，发动机启动不开
null|空调|低频声|20161102112819|906|5832|开空调，起步后，轻踩油门，有呜呜的低频声，听不出是发动机还是空调压缩机的声音，不开空调这声音不明显，深踩油门，速度快起来后，感觉就没了，听到的就是发动机的声音了，新车，刚提的，大家认为正常吗
b50|方向盘|紧|20161102112819|907|5833|昨天刚提的b50，原地打方向盘很紧，很不好打
喇叭|价格|贵|20161102112819|927|5922|???我在当地请一家生意不错的汽车装修店给我安装，该店出售的一些热卖喇叭产品，价格贵效果差
喇叭|效果|差|
null|油耗|高|20161102113819|17|37|我给我媳妇买了这款，今年11月底提的车，到现在4300公里了，基本都是跑高速，速度一般都在100-130左右，但是油耗平均算起来至少是12个以上了，比我的宝马都要高
null|空间|小|20161102113819|17|39|当时就是因为销售说这个车比较省油才买的，车的空间太小了，如果油耗这么高的话，我都有点后悔了
null|油耗|高|
null|噪音|大|20161102113819|30|181|看大家评论都是噪音大，档杆晃动费油，都有点放弃的念头
null|档杆|晃动|
null|null|费油|
电动门窗|null|时好时坏|20161102113819|35|215|电动门窗时好时坏
跑跑|异响|null|20161102113819|66|358|买跑跑小半年了，除了各种异响伴随着我的同时，另外最恶心的就是起亚原厂前挡贴膜，一个黑色的Kia的Logo就在我眼前晃呀晃，本觉得时间长就习惯了，现在倒好，习惯是习惯了，变成习惯歪着头开车，郁闷呀
前挡贴膜|Logo|眼前晃|
长城腾翼c30|异响|大|20161102113819|75|380|长城腾翼C30，跑15000多公里时，发现车在踩油门加速时有异响，油门踩的越大，“嘶嘶”声音越大，一松开油门，声音马上就没有了
null|销售|垃圾|20161102113819|100|492|垃圾销售凸
null|天线|难看|20161102113819|104|499|天线太长太难看了我把长天线卸下了从开始细的地方截断然后在粗节上面钻了个眼把最上面的头留一点细杆插到钻的眼里用502粘住成了短天线还好看还不影响收听效果
null|发动机声音|大|20161102113819|112|530|车本身嘛就发动机声音比较大，今早有两次出现发动机和机油警示灯而打不着火，其他有待观察
上海通用别克商务车|刹车软管|null|20161102113819|120|544|我的上海通用别克商务车2009年买的，不到3年换了9个刹车软管
喇叭|声音|小|20161102113819|131|760|5：喇叭声音小，大灯亮度低6：减震漏油事例也有不少
大灯|亮度|低|
null|4s|坑爹|20161102113819|151|851|Y的，坑爹的4S
智跑|高度|小|20161102113819|165|877|本人身高188智跑感觉高度小很多，叫销售小伙来调了座位?还是觉得有点压抑啊
别克|变速箱故障|未解决|20161102113819|229|1246|然而，频频曝光的君越变速箱故障问题始终未能解决，让别克多年的销量光环蒙上一层淡淡的阴影
别克君越|变速箱|突发故障|20161102113819|229|1250|按照规定，他的别克君越2008款轿车可享受两年6万公里的质保，但在60052公里左右时，变速箱突发故障
null|转速|很高|20161102113819|259|1414|因为当发动机热好水温上来以后，车开起来转速还是很高，噪声还是很大，明显能感觉出来是变速箱还没有热好的缘故（像是钢带打滑，动摩擦不是静摩擦的声音），得再开好一会才能让转速趋于正常
null|噪声|很大|
长沙|内饰做工|不给力|20161102113819|295|1754|看了长沙车展的GX720，内饰做工都不太给力啊!不在纠结了，明天去长城交定金
null|浅色内饰|容易脏|20161102113819|328|1962|浅色内饰太容易脏了，才一个月屁股下面就脏了，有没有单独只配坐垫的
null|起步|肉|20161102113819|344|2094|缺点：起步确实肉，但是对于新手的我很安全，对我来说还好点
h6|自动挡|没有|20161102113819|389|2304|好像h6还没自动挡，根据测试结果其加速一般，刹车不太好
h6|加速|很一般|
h6|刹车|不太好|
s6|做工|不行|20161102113819|389|2305|s6前面已经说了，做工不行，增加配置的成本在其他工艺流程中赚回来不少
车前盖|缝隙|很大|20161102113819|401|2342|发现车前盖缝隙很大
皇冠自动挡|怠速|升高|20161102113819|541|3113|皇冠自动挡133，因为清洗了节气门，怠速升高，修理厂连续更换了两次节气门和怠速控制阀（拆车件），仍然居高不下（1800转），油耗很高，关键是怕把齿轮箱打坏，刹车也不好用，请各位老师指点，谢谢
皇冠自动挡|油耗|很高|
皇冠自动挡|刹车|不好用|
奔驰|钥匙|单薄消瘦|20161102113819|617|3713|整体来说功能上跟奥迪的遥控要是功能是相同的，看来德国人对这方面的要求是殊途同归啊~但是奔驰钥匙的缺憾就是机械要是实在太单薄消瘦了，用着个机械钥匙会十分硌手，开锁很不方便
奔驰|钥匙|别扭|20161102113819|617|3725|缺点：1、有点尾重头轻的感觉，虽然奥迪的钥匙也有点这样的问题，但是奔驰这把钥匙需要插进钥匙孔内旋转点火，稍有别扭
途安|胎噪|很大|20161102113819|631|3827|途安2.0,2008款，用了三年，今年出现1：高速120时胎噪很大，有抖动感；2：最近发现双后轮内侧啃胎，目前行驶里程55000km左右（是不是该换胎了---原装韩泰轮胎）
途安|null|有抖动感|
途安|双后轮内侧|啃胎|
左后轮|偏差|较大|20161102113819|631|3828|一礼拜前换了两轮并做了四轮定位，检测结果：左后轮偏差较大，未调整（较费事），其他轮还好，今天（2011、12、22）跑了高速达120左右，噪音依旧，不知何因
null|噪音|依旧|
null|发动机|响|20161102113819|636|3853|以前看论坛里有的车友说加速时发动机那里象吹口哨似的响，还纳闷，今个终于是听见了，早晨上班时，发动机超过2000转口哨就开始响了，并且越加速声音越大，不知道以前出过次问题的tx解决了没有啊
null|刹车|偏软|20161102113819|723|4378|还有个人感觉刹车有点偏软，不过无伤大雅
null|车灯|太暗|20161102113819|783|4691|美中不足的是：1、车灯太暗夜间行车不便；2、车身太土了；3、噪音很大
null|车身|土|
null|噪音|很大|
手豪|回油|明显顿挫|20161102113819|870|5238|12手豪跑了5500，现在发现123档回油明显顿挫，即使离合抬的慢、三个踏板现在明显沉，踩着比较费劲，档位涩，已经热完车、大家看看是啥毛病，还是说属于正常
手豪|踏板|沉|
手豪|档位|涩|
null|起步|比较肉|20161102113819|912|5470|起步比较肉，行驶中加速动力还行，内饰比较粗燥，但是把我一年多的车评估的价格太低了，就放弃了更换的念头
null|内饰|粗糙|
null|方向机|渗油|20161102113819|961|5840|方向机渗油的问题，我估计可以称作是一种通病，大家都可以关注一下自己的方向机
节气门|声音|大|20161102113819|976|5926|???什么节气门声音大，什么异响，甚至还有中途熄火，等等等等
null|抖动|厉害|20161102114320|18|62|昨天中午气温-1左右，跟往常一样，先上电，等自检过后打火，车抖得厉害，发动机嗒嗒直响，从反光镜里能看到黑烟冒得很厉害
null|发动机|响|
后尾灯|左右缝隙|不一样大|20161102114320|99|370|后尾灯左边和右边缝隙不一样大，左边缝隙明显大了很多
后排|空间|不够宽敞|20161102114320|125|504|二，后牌空间的确不够宽敞，后面想座四个人都坐不了
null|油门|null|20161102114320|184|761|一个半小时后再打，第1下打火时就踩着油门也不行，也要到打第3次时才打着
null|档杆|推不动|20161102114320|271|1059|就是起步的时候把档杆推到最左边，向前推进一档的时候进到一半就推不动了，好像有东西在前面拦着
后备箱|空间|不足|20161102114320|340|1396|朋友两厢车经常因为后备箱空间不足而苦恼
null|手动换挡按钮|坑爹|20161102114320|431|1840|手动换挡按钮比较坑爹，估计使用率不会太高
奔腾|null|残疾|20161102114320|436|1886|好不容易憋了多少年憋出了两个（奔腾，风神）一个是残疾，一个是发育不良
风神|null|发育不良
null|内饰中控部分|价廉|20161102114320|559|2601|缺点：内饰中控部分总感觉有点价廉，当然要稍微逊色一点
null|气味|太大|20161102114320|646|3267|其他：就是气味太大
中控|空调旋钮|松松垮垮|20161102114320|674|3480|今天在中控转了下那个空调旋钮，那两个旋钮手感和做工装配让我挺失望的，松松垮垮的
发动机|噪音|大|20161102114320|829|4381|唯一的感觉就是发动机的噪音大了点
尾部|线条|太多|20161102114320|858|4555|?买车时，这里是没有的，尾部显得线条太多，像老太太的额头，皱纹太多，不好看
副驾驶座位|手动调节|寒碜|20161102114320|939|5108|纠结二：如果选T6舒适，竟然少了10几项配置，真是乞丐的可怜，导航、电动尾门等没有也就罢了，50多万的车连副驾驶座位都是手动调节的，也太寒碜了
c30|噪音|大|20161102114320|946|5152|C30的后轮没有加装内衬板,并且没有配套的,因此噪音很大,有没有车友用其他车型的进行改装的,请告知.
后排|空间|偏小|20161102114320|999|5475|后排空间偏小，不是很适合家用，适合单人驾驶为主
普桑|地盘|不够高|20161102114823|15|41|桑达纳满载离地间隙138，gx7要满载应该也就这个数值吧，那通过性也不太好，我开普桑还是觉得底盘不够高，而且gx7还是5座，还是等ex8看看
null|刹车|软|20161102114823|26|91|四保是要换刹车助力油的，全部弄好之后，5点了，4S差不多下班了，我取车准备回家，出了车间后速度大约有10KM/H,点刹车，竟然没效果，脚上再用力，刹车直接踩到底了，但依然刹车很软，跟没刹车一样
顶棚|异响|严重|20161102114823|60|410|近来顶棚异响愈发严重，今天拆掉顶棚，解决一处异响，但，天窗导水槽和车外壳，有非常刺耳的摩擦声，也就是最大的异响源，请问，导水槽重新拆开，安装，会有什么后果，会不会导致漏水
车|声音|大|20161102114823|63|415|2.0ATGLS,提车一个礼拜了，之前一直开的polo肯能是第二辆车了，就激动了一天，现在已经很平静了，在平静下来说说智跑的心得缺点1，声音还是大，特别是起步加油的时候，2，油耗11个左右，市区，跟我的polo（手动）没法比从来不上7个3，车内用料了，包括保险带，车窗键，车顶等用料还不如polo，4，还有一个问题，也是想请教各位的，D挡踩刹车，车子抖动很明显，挂N挡就没有了，是不是有问题啊，有没有解决方法啊
刹车|抖动|厉害|
null|右后门|不好关|20161102114823|71|430|1、右后门不好关，每次必须很使劲才能关上
null|抖动|异响厉害|20161102114823|154|814|我的小三25000公里了，抖动异响特别厉害，机脚垫离发动机距离太近，几乎烤干了，强烈要求召回无偿更换机脚垫
null|机脚垫与发动机距离|太近|
null|侧面防蹭条|单薄|20161102114823|157|1024|侧面防蹭条~不锈钢的~貌似不怎么好看很单薄的样子上面原来贴了个假出风口
焦点踏板支架|缝隙|大|20161102114823|193|1198|有没DX知道焦点踏板支架哪有单出的，之前装的支架太垃圾了，缝隙大
null|灯光|不给力|20161102114823|216|1299|灯光很不给力吧0.0绿色灯其实很诡异
null|声音|大|20161102114823|233|1363|最近跑了一段搓板路，哈，那声音真是大啊，好像整个车哪里都在响，跑高速超过100那也是没法子听，唉，拆开车门看看，里面光秃秃的，小R一点降噪隔音的材料都没有啊，难怪声音大啊
发动机|噪声|大|20161102114823|284|1651|跑了30000公里，冷别抖的厉害，行驶过程感觉发动机噪声大，动力显得不够
车门|声音|不好听|20161102114823|337|1959|????5?车门开关的声音不太好听，有点像原来的夏利
null|空调|不凉|20161102114823|350|2159|先说说缺点：1.如大家说的，空调有点不凉，开了空调启动和超车都有点木纳...2.NND，外漏的螺丝和备胎...真不爽
null|噪音|大|20161102114823|350|2164|4.噪音有点大，主要体现在路噪上面...这个可以改造（底盘装甲+机盖和车门隔音棉+还有轮胎那加的名字忘了）5.就是长城公司配套的东西，不跟车出现，真扫兴...再说说优点吧：1.最大的优点省油，我的感觉不错了，过去我开越野车，实在是费油，100公里得13L，幸好那是公家的东西
智跑|后备箱|太小|20161102114823|401|2447|智跑，外形还凑合，可是后备箱太小，后排座不能完全放倒放平（我想跑长途时让老婆在里面睡觉，我开车），主驾头部空间不够，我坐进去直接头到顶了，不爽
智跑|主驾头部空间|不够|
null|自动跑偏|null|20161102114823|421|2719|当前轮动力输出过大时，汽车会出现自动转向跑偏的情况，这种情况在弯道中最为明显
致胜|变速箱|不给力|20161102114823|448|2980|开了一个月后再换回来开致胜后，致胜的缺点全部暴露出来，车太大，变速箱不给力，悬挂太软，动力也不行，于是就想换车，朋友说上R20，排气声音很好听，动力也给力，我也挺喜欢，但是考虑到家用，空间就不行了
致胜|悬挂|太软|
致胜|动力|不行|
c30|座椅|太高|20161102114823|464|3135|Ｃ３０买了一年多了一些小毛病都比较无所谓，毕竟车价就这样而且是国货，关键一点就是很郁闷，座椅太高了实在不舒服，我也才１７０的个头，头都顶到顶部了视线不好
null|内饰|太差|20161102114823|493|3279|2、内饰较差
null|座椅|单薄|20161102114823|493|3280|座椅较单薄，还有中控、手扶箱质量网友们也多有诟病
发动机|声音|大|20161102114823|515|3371|我是2010年5月提的车，我是个准车主哦，不是托也不黑，现在1万公路，冷车刹车唧唧叫睡觉的人都惊醒了，发动机声音很大，特别抖动啊，去了售后服务几次没处理，说的通病正常，没办法了，各位大师你们的都一样吗指教一下谢谢哦，
小狮子|油耗|高|20161102114823|538|3548|小狮子初体验の大明山滑雪体验结论：1.小狮子油耗确实是高，总共跑了800公里，其中600多是高速，平均时速31，平均油耗9.7.2.隔音比307好多了，但在高速上还是有点噪音
null|发动机运转|不平稳|20161102114823|558|3681|4、发动机运转不平稳，常伴有“突、突”声，加速时发动机动力不足，不时发出“彭、彭”的放炮声，排气管冒黑烟
变速器|轴间间隙|过大|20161102114823|558|3708|造成上述情况的原因只能有两个，一个是变速器轴间定位有问题，造成轴不平行；另一个就是其轴间间隙过大
车门和前中控|硬塑料|掉档次|20161102114823|561|3729|唯一的缺点就是车门和前中控的大面积硬塑料确实有点掉档次
海马骑士|味道|太大|20161102114823|561|3734|????后来又到海马骑士看了看味道太大，做工也不咋地，那个皮质座椅包的太丑
海马骑士|做工|不咋地|
车身|尺寸|不大|20161102114823|598|3849|车身尺寸感觉不是很大，就比瑞虎大一点
ix35|线束|凌乱|20161102114823|613|3911|在工艺方面，ix35大量使用双面胶，线束也显得很凌乱，绝缘保护不如逍客;两车金属车身和内饰板的工艺基本处于同一水准，但逍客A柱的织物包裹更显精致，ix35的钣金水准实在太糟糕
逍客|后排座椅|尺寸过小|20161102114823|613|3916|在舒适度方面，逍客的后排座椅尺寸过小，头部空间不足，但静音处理胜过ix35
逍客|头部空间|不足|
null|扶手箱|松松垮垮|20161102114823|620|3966|扶手箱的确松松垮垮，手套箱也有点松，内饰基本都是硬塑料
null|手套箱|有点松|
内饰|硬塑料|null|
null|异响|null|20161102114823|622|3977|一、车内异响不可否认，B50的内饰算是比较粗糙的，塑料级别的，在热胀冷缩后就很容易出现缝隙，有了相对运动，难免会出现异响
null|内饰|粗糙|
null|中控异响|时有时无|20161102114823|630|4076|问题也不少，中控异响时有时无，离合器比宝来车的踏起来重，有点费劲，总行程10230公里
null|离合器|重|
null|内饰|容易脏|20161102114823|654|4188|去到4S，发现全是米色内饰，本人偏向于比较运动，所以觉得米色差强人意，而且米色太容易脏了，就算经常洗内饰，还是有些洗不掉，而且开2年后特别显旧
null|刹车|一般|20161102114823|654|4204|???然后谈谈缺点，先是刹车，觉得比起宝马，的确有差距，只能算一般（这是个人感觉），跑快了遇到个突发状况，感觉站不住，宝马的刹车这里要赞一个，的确好啊，730和X5我都开的比较多，动力不说，刹车的确没话说，至尽开了不少比较高档的车，没车能和宝马的刹车比，不光是我，身边的朋友亲戚，都这么觉得
vv|内饰|简单|20161102114823|654|4205|个人觉得VV的内饰的确比较简单，虽然做工精细，但是的确谈不上豪华，和同级别的车比起，没任何豪华感，特别是沃尔沃引以为傲的悬浮式中控，说实话，真不觉得好看
奥德赛|远光|不给力|20161102114823|657|4221|09奥德赛的远光的不给力啊，远光想改疝气灯，要加透镜太麻烦了，不知可不可以不加透镜，这样有效果吗
null|刹车|太软|20161102114823|661|4226|2012手舒版，我怎么感觉我的刹车太软，和面包车一样，轻轻的踩一下没多大反映
null|雨刮器|异响|20161102114823|706|4447|2，雨刮器异响，其实这个真没啥大不了的，不过C30设计有点白痴，干嘛和14寸的雨刮搭配呢，越短摩擦越小，自然容易有意向了
长城|塑料质量|很次|20161102114823|706|4520|不得不说长城的塑料质量很次
c30|噪音|比较大|20161102114823|739|4649|C30的噪音比较大，那位同学做了隔音
阳光车|避震|漏油|20161102114823|743|4662|阳光车4个避震漏油.过于硬.我估计应该是设计缺陷.原因有2.一是避震器里面的液压油太少.造成避震器上下抗震的自由幅度减少.所以过硬.二是设计不合理.避震器和整车重量应该有个科学的比例.大家有机会按一下.所有车型的尾部和前脸就知道原因了.以事论实.个人意见.不是车黑.欢迎参与.开口骂人者勿入
车门|隔音|不好|20161102114823|744|4670|车门的隔音不好，厂家太节约成本了.我简单的做了一下隔音：?
车内|材料|不环保|20161102114823|787|4877|主要是车内用的材料不环保，毒气挥发厉害
c30|后备箱盖|单薄|20161102114823|855|5309|C30的后备箱盖很单薄，比我家的日产颐达有的一比；从试驾车C30旁边过，发动机声音挺大，在车后三米外都听的见
手舒|噪音|有点大|20161102114823|915|5662|2012款手舒，冬天打火的时候感觉噪音有点大，坐在车里面有点抖动，新车，才1000多公里
手舒|null|抖动|
发动机|噪声|大|20161102114823|936|5795|4、发动机噪声大，车辆原地踩加速踏板时，有“隆、隆”异响，发动机舱内有振动感
小爱|怠速|有共振|20161102114823|981|6033|??小爱共振声太大了哦，怠速有共振，到2200转时共振声达到顶峰，转速升高共振在减弱，童鞋些你们的车车也这样吗复制搜索
null|后排空间|小|20161102114823|988|6081|??后排空间：坐2个人肯定没问题，那天坐了三个，难为他们了，呵呵座椅虽然是真皮的，但是不够骐达的软，有点硬，不敢相信是真皮的
null|座椅|硬|
null|内饰|简陋|20161102114823|988|6082|??内饰也稍微简陋点的了，不够精致，不过算了，开几年玩玩
菱智|发动机|动力不足|20161102115345|5|12|我的是2002年的菱智，4G64发动机，2.4自动挡，感觉发动机动力不足，2000转时速80公里，2500转时速95公里，3000转时速110公里，3500转120公里（GPS实测），是不是正常，谢谢最近跑了趟高速，下了高速发动机居然熄火了，重新打着车，怠速十分不稳定，加速无力
null|起步|太肉|20161102115345|11|27|我是一个对车比较感兴趣的正常男，平时没事也喜欢捣鼓，就好像LD有一天跟我说，这车起步太肉了，连旁边普桑都加速比她快
机器|噪声|大|20161102115345|71|276|?车启动后，(热车也是这样)机器噪声大，踩住离合器，声音就小了，我试着车在很低的速度行走时也是这样，，?空挡时踩住离合声音就小
全球鹰GX7|大灯|不好看|20161102115345|113|802|个人感觉全球鹰GX7的大灯不好看
阳光|提速|慢|20161102115345|117|816|现在看到阳光有1提速慢2低温保护不上挡3生锈4爆震5其他异响什么的都是大问题啊
后备箱|视觉空间|小|20161102115345|175|1201|2、后备箱整体视觉空间变小，后备箱容积和实用性打了折扣
MT|机油粘度|过大|20161102115345|202|1345|MT的一般都是机油黏度过大
null|内饰|很一般|20161102115345|250|1518|2、内饰很一般，最不满意的地方是仪表盘太小感觉和这么大的车有点不匹配，还有就是顶棚的隔音太松垮了，感觉就没有和顶棚很好的贴合在一起；特意看了一下扶手箱也还凑合没有传说的中那么惨；中控的颜色搭配的有些老气，没有时尚感和科技感；中控的材质也一般，没有亮点；空间比较大尤其是后排，但后备箱没有想象中的大，不过也还好吧
null|仪表盘|太小|
顶棚|隔音|松垮|
中控|颜色搭配|老气|
中控|材质|一般|
null|内饰|太差|20161102115345|250|1521|4、4s报价低配的9.39W，涨了1K.对车的整体印象一般，主要是内饰太差
null|油门响应|迟钝|20161102115345|255|1554|11款2.0P,刚跑8600,二保后上高速，明显感觉105--115码之间发动机声音有点嘶声力竭，之前没有过，油门响应迟钝，转速2000，上到120码后，发动机声音明显降低且和顺，加速灵敏，不知啥道理，难道车子和运动员一样在比赛中也有个疲劳点，过了就好
座椅|位置|高|20161102115345|265|1610|?????但是座椅问题很是有点困扰我，调到最低位置了感觉还是有点高，短途还好，开车时间稍微长点右腿就感觉被座椅前部分弄的酸麻，太高的原因，时不时要抬起腿来活动一下才行，提车以后就弄了个坐垫，后来坐垫也撤了，还是不舒服，冬天的毛垫子更加不用说，垫不了，太高了
null|声音|变大|20161102115345|326|2072|不爽啊回来在市区开感觉声音变大了
null|刹车前轮位置|异响|20161102115345|366|2296|前两天发现踩刹车前轮位置发出异响，就是好象什么东西挤压发出的“嘎吱”声，并且是踩一下响一声
null|胎噪|太大|20161102115345|391|2368|车子刚首保完，感觉胎噪太大，怎么处理效果好啊
null|风噪|比较大|20161102115345|405|2684|只是170以上风噪还是比较大，没有想象的那么好
null|挡|略不好挂|20161102115345|458|2967|2、?可能是新车的事，档略显不好挂
座椅|调节方式|略显不方便|20161102115345|458|2968|3、?座椅的调节方式略显不方便，第二排的座椅已经被减配，前后调节功能已经没有了
null|内饰|不是很高档|20161102115345|468|3028|内饰给人的感觉不是很高档，塑料感很重
奔驰|售后|深似海
奔驰|null|null
瓦格纳加蔡澈|null|null
奔驰|价格|寒心
日本车|null|悔青了肠子
4s|售后服务|null
奔驰|null|讨厌
a6|null|不适合
福特|四缸涡轮引擎|缺德
汽车|质量|大打折扣
福特|ecu位置，后排座椅|弱智，薄的不能再薄
奔驰|null|水土不服
奥迪|品牌|差蛮多的
法拉利|驾驶快感|高贵
80年代的车|null|影响自主品牌发展
大众|null|不要脸
卡罗拉|null|不行
丰田|null|null
凯美瑞|null|null
丰田|刹车性能|刹不住
丰田凯美瑞|null|太平间里安心睡
大众|价格|不厚道
大众|态度|不真诚
丰田普锐斯|价格|贵
丰田5a-fe|发动机|卧槽尼玛
奇瑞a3，长安悦翔，天津一汽威志|安全，自主品牌|存在极大风险，让人担忧
奔驰|保养价格|坑爹
null|延展性，遮瑕|略逊色于
大众|null|失望
广汽|发动机|短板
大众车主|null|强奸，骗
大众的车|设计|同化很严重
大众系|发动机|烧机油
null|界面|好恶心
广汽|防撞梁，车门|没有，焊接的
荣威|发展状况|还不如
奇瑞|null|想吐
奇瑞|设计|挑战了审美底线
日本车|技术|相当普通
大众，丰田，本田|价格，配置|高价简配
捷豹xf|质量|差
a83，0t|null|故障
大众|外形|大众脸
索纳塔8代|销量|相差甚远
奇瑞qq|null|和图片一样
高尔夫|利润|太高
大众朗逸-|内饰，价格，售后|不好，高，超差
null|刹车功能|不太好，危险
车|null|好脑残
大众|null|无好车
2012款本田cr-v|尾部设计|败笔
致胜|性价比|提价减配
通用的汉兰达|爬坡|不行，爬不动
奥迪a4|性价比|太低
雪佛兰|销售顾问的低级错我|让人无语
比亚迪|油耗，售后|好高骛远
tt|发动机|烧机油
宝马|销售员|素质低下
bmw|null|无语
null|噪音，齿轮箱，刹车|大，差，抖动
山地车|价格|不菲
奥迪4s店|态度|傲慢
本田，日产，马自达，本田|null|不行
韩国汽车|外形，内饰，机械|平平，土气，粗糙
丰田|设计|没有
新款本田crv|内饰|不是很舒服
日系车|null|杯具
日本车|安全性|有待考虑
宝马|4s店服务|相差太远
丰田|null|不信这么硬气
比亚迪|净利润|更差
null|排量，马力|大，低
这部车|内饰|无质感，较强的塑料感
马自达|利润|连亏
奔驰|节奏，3，5v6的技术|跟不上，out
新款|造型|太凶了
比亚迪|车载电池|严重影响车的操控，可能侧翻
奥迪4s店|态度|傲慢
丰田凯美瑞|null|被彻底干翻
奥迪4s店|态度|傲慢
奥迪a1|款式，空间|不方便，太小
起亚车|动力，提速|无法相比，有很大差距
audi|服务意识|差劲
奥迪|销售和客服|高级黑
奔驰|售后，操控，性价比|不如，失望
null|定价，款式，货源|不合理，款式不足，刻意制造短缺
丰田车|null|小些
丰田|设计师|缺乏想象力
福特|null|null
null|尾巴|过时
null|报价|不便宜
null|服务态度|倒闭，老天下了眼
起亚|环保，油耗，动力|爱积碳，高，差
聆风|电池|老化过快
大众汽车|对待客户的态度|没诚信且傲慢
奥迪|销售|null
日系|null|冷淡
奔驰|保养费|贵
本田|null|冠军
奥迪4s店|服务|傲慢
null|transmission，加速感，排量，颜色，外形，价格|不好，不够，小，不好看，丑，搞
4s店|null|变态，鄙视
null|品牌影响力|实在太差
沃尔沃|空间|太小气，不够大
这款车|动力，油耗|小，高
通用的v8引擎|排量，税收|太高，交不起
byd|策略|有问题
混合动力车|油耗|根本不省油
混合动力车|混动，电池，限制条件|相当多
东风日产|配件质量|差
别克4s店|态度|差
比亚迪|核心业务|遭质疑
大众|null|不喜欢
速腾|内饰|也不好看
奥迪a4|碰撞试验|不堪一击
别克|自动开灯|讨厌
奥迪|小毛病|那么多
奔驰|销量绝对值和相对增幅|落后
比亚迪奇瑞吉利|对待客户态度|null
大奔|动力|不如别克
奥迪a6|车风车德|null
比亚迪|玻璃本性|最大败笔
丰田卡罗拉|null|不喜欢
encore|新设计|不符合规范
新览胜|灯|无力吐槽
福特|前脸|无力吐槽
日本车|null|确实不好
比亚迪|服务|何时能赶上
奥迪q7|舒适性|恶心
null|底盘厚实度，前门板扶手，整体舒适性|差一点，太短，比不上
上海大众|产品质量，售后服务质量|差
奥迪|发动机|烧机油
大众|前脸设计|审美疲劳
比亚迪|发动机|null
null|高速，刹车|断车轴，漏油
丰田|刹车性能|吓
丰田|刹车|刹不住
null|技术|很成熟
日产车商|null|强烈鄙视
奥迪|嘴|更大了
东昌福特4s|维修|坑爹，忽悠
日产|保养|尼玛
奥迪的吉普|最后座|中看不中用
比亚迪，吉利|产品|惨不忍睹
汉兰达|null|null
日产|null|来火
奇瑞汽车|null|下线了
null|主流车型|存在致癌风险
4s|中保|会赚钱
日系车|市场份额|降低了，前景堪忧
丰田混动|售价，销量|高，未能大幅
奔驰c系|味道，销量|异味，被抛开
雪佛兰|付款|null
别克|小毛病，保养费，排气管消音器|不断，死贵，经常坏
null|技术感|操
奥迪|销售人员|吊的很
别克|null|烂
雪佛兰|价格|悲剧
媒体|业务水平|null
福特|设计|太糗
欧洲车市|车市，竞争|不好，激烈
比亚迪|创新，销量和利润|没有，没有支撑点
本田|车款名称|恶心
手挡车|起步|不给力
民族品牌|竞争力|缺乏
民族品牌|null|有差距
原车配的国产配件|配件|可能不是非常稳定
吉利|车型，安全|抄袭，不考虑
汽车工业|null|死循环
雪佛兰4s店|null|失望之极
奔驰的blueefficiency|内容，概念|宽泛，模糊
丰田|null|惨
日产|产能|过剩
红色的|null|很嗲
加达雪佛兰|销售|散漫业余，拉黑
丰田|null|傻逼
丰田|null|门庭改换姓名香
丰田|中国客户|被坑害，傻逼
科鲁兹|电瓶|像大姨妈一样
雪佛兰爱唯欧|内饰致癌物质|超标
比亚迪|管理水平，技术水平|狂妄自大
q5|广告|失败
一汽大众|4s店排污|污水排入小溪
别克|外观|不好看
byd|功能|不符
null|进气口松动|低级错误
蒙迪欧-致胜|装配，发动机|糙，故障，吓人
斯巴鲁|销量|惨淡
国旗|设计|四分五裂
奥迪a4l|刹车油管|破裂，失望至极
丰田|null|不负责任
大众汽车集团|null|我投降了
丰田雅力士|事故率|排在第一
奔驰c|甲醛含量|超标
奔驰国产车|null|别买
三星lg，现代起亚|null|韩国出了
雪佛兰|服务态度，诚信|有严重的问题
雅力士|null|早逝
丰田雅力士|null|null
丰田|刹车 |刹不住
丰田凯美瑞|高速，刹车|断车轴，常漏油
雷克萨斯|品牌|衰败
丰田|动力电池|乏善可陈
byd|电池|跌
比亚迪|电池技术|忽悠
别克encore|null|憨厚
日本车|null|偷工减料
null|胎，车门，悬挂系统，刹车优先系统|劣质，焊接，垃圾，没有
奔驰|在中国的问题，品牌个性，性价比，营销问题|错综复杂，不如，迟迟不处理好
吉利比亚迪长城|null|贱货
比亚迪速锐|广告|失败
null|功能|充其量属于
福特车|油耗|好费油
比亚迪|null|吹牛
日系|低迷|产品技术的原因
null|发动机|渗机油
日系车|null|脆弱
奥迪|品牌，技术|好你妹，不成熟
奔驰ecoupe|款型|臃肿
吉普|logo|美中不足
大众|广告|难懂
k3|风格|小失望
奔驰|保养|贵
日系车|零件|少了零件
null|独立悬挂，车门焊接|减配严重
日系车|电瓶容量|少了一半
日系车|安全|没有保障
本田|抗撞击|塌一个大坑
丰田|车款，质量|千篇一律，不咋的
途观，指南者，汉兰达|null|fuyun
别克|null|很难和奥迪，宝马相提并论
奥迪|保养费用|谁他妈说便宜的
比亚迪电动出租车|技术|安全隐患
日产，起亚|null|一个鸟样
丰田|言论|牛b
null|侧倾，凹凸路面状况|明显，较颠簸
丰田|null|失败
本田锋范|全方位性能|比不上
null|做工，手感，椅子，隔音|粗，糙，硬，差
2|动力，换档|差一截，顿挫感明显
广汽传祺|总体评价|null
雪佛兰4s店|null|失望
日本车|null|不行啊
volvo|null|不是别克gl8对手
null|刹车|太高了
自行车|null|太次
奔驰|混合动力|不买
奔驰|品牌|不成熟
合资的奥迪|车窗|吱吱响
mg3|null|太冷门
日本车|价格 |贵
丰田|null|傻b
雪佛兰|null|破车
别克|营销|上当
null|推广|不行
这些导航|导航|远远不及
导航仪|不好用的导航仪|扯淡
5系宝马|导航|麻烦极了
丰田4s|null|破丰田4s
丰田|安全性|不安全
丰田车|保险杠|轻轻一吻就掉了
长城比亚迪|抄袭，创新|特长，扯淡
通用的车|null|不靠谱
比亚迪|电池生产污染|睡不着觉
比亚迪|维修费|黑心，最大的黑幕
奥拓|null|难以成为奥迪
日本车|车子轻|偷工减料
一汽奥迪|出风口|恶心
丰田本田|售后，产品|null
眼镜蛇跑车|速度|快
大众的蓝驱|经济上，维修成本，dsg的可靠性|无法相比，高，是个问题
一汽奥迪|null|夸张
null|汽车空调|不会冷
null|显示屏，倒车雷达|死机，误报
奥迪车|用了两年|各种毛病
多媒体中控台|null|死机
中基奥迪|保养，发动|有问题
雪佛兰车|null|靠不住
科鲁兹，景程|车标，安全性|难看，会自然
别克车|null|不喜欢
日本车|耐撞程度|太软
日产尼桑|质量|不是吹的
尼桑|铁皮|薄
比亚迪|炒作|低端
安信丰田|null|声讨
这样的店|轮胎，信誉|有问题，失去信任，非常不道理
byd|null|null
null|造型|null
null|槽点|太多
capcom|设定|夸张
大众|null|比不上奥迪
宝马|null|无语
德国车|可靠性|差
宝马|质量|把控的问题
本田|底盘|轻
一汽|null|片面
宝马|价格|贵
丰田，本田|null|烦
这两种车|路线，思维方式|诡异，不老实
比亚迪|车，人品|差
挡风玻璃|价格|昂贵
大众奥迪|null|太残
东风本田|null|丢人
日系车，奥迪，宝马，奔驰|销量|下降
null|前脸设计|过度接近
福特|操控性|不如
奥迪a4|敞篷|null
途观|口碑|不尽如人意
丰田车|上路|极大的安全隐患
福特|视频|外行
日本车|null|不行
小4|耐撞程度|伤痕累累
日本车|安全|牺牲
日产|防撞钢梁|不靠谱
null|悬挂，底盘防腐涂层，封胶，后桥|非，无，粗糙的裸露的，脆弱纤薄
比亚迪|产品，策划|不踏踏实实，呕吐
索兰托|起步，高速提速|不算十分给力，十分吃力
朗逸|价格，提车时间|加价，过两个月
比亚迪|配置|注重
汉兰达|爬坡能力|坡难爬
a5|null|null
小别克|前挡|凹
起亚k3|null|null
桑塔纳|品牌|放弃了上海牌
新3系|座椅架|生锈
宝马118i|null|生锈
1系，3系|null|生锈
宝马|null|null
菲亚特|耐撞程度|不经撞
比亚迪|电动动力，汽车业务|看好，高估
别克|null|再输，受不了
美国的车|null|倒闭
别克|撞，气囊|淡定，撞惨
速腾，宝来，朗逸，捷达，桑塔纳|null|有问题
一汽大众|null|恶心
null|设计|不人性化
起亚|null|讨厌
null|离合|超高
日产|null|null
本田|捐款|才捐二十万
通用雪佛兰迈锐宝|null|去他妈的
本田|撞|撞坏，抵制
福特汽车|广告|极其烦人
丰田|null|不喜欢
别克新君威|质量|要命
日产|设计|缺陷
沃尔沃|发动机|成熟
null|越野性能|不如
丰田|撞|严重
一汽大众|dsg变速箱|没有解决
a7和别克|价格，油费|贵，高
别克定凯越|null|不能启动
null|设计|null
慕尚|倒车雷达pdc|不足
日韩车|车头|撞个稀烂
大众汽车|null|低端车世家
吉博力|null|null
凯旋|底盘，车身|岂有不输之理
索兰托|起步，加速|不算十分给力，十分吃力
大众车|null|有意思吗
null|发动机|差强人意
大众|汽车|去shi
null|后排|不足
null|噪音|比较大
null|顿挫感|明显
null|起步动力|不足
奥迪|null|不好
本田|null|走下坡路
丰田|油门踏板，刹车系统|出现问题
两万块钱的车|null|难开
奔驰|价格|贵
日产天籁|车内味道|刺鼻恶臭
奥迪|刹车|刹不住
宝马|null|生锈
沃尔沃|气囊|自爆
福特和三菱|null|漏油
奔驰|电池，致癌性，发动机|电池门，致癌门，抛锚
纪念版mini|null|中看不中用
太高档的车|汽油标号要求，维修|高，不好找地
福特两厢|null|居然会想去买
奇瑞qq|外观|难看
日产|款型|一模一样，坑爹
骐达|保险杠|脆弱
五菱|null|模仿
比亚迪|造型|模仿
斯巴鲁|null|最讨厌
日本车|null|null
日本车|车皮|太烂
比亚迪|功能，营销|功能展示不明显
奥迪|小毛病|真的好多
奥迪|多媒体，显示屏，倒车雷达，发动机油泵|死机，死机，经常误报，坏了
比亚迪|广告|有点过了，蔑视法律，低级的
别克|null|不过如此
雪佛兰|保养|不能发动
雪佛兰|档位|背
起亚|避震|很差
雪铁龙|null|悲催
比亚迪-byd|null|null
别克gl8|发动机|开锅
世爵|发动机|成绩平平
长城|刹车|问题很严重
奥迪q7|价格|掉价
丰田|混合动力车型|没多少市场
福特|底盘|留有硬伤
比亚迪遥控汽车|营销手段|太恶心了
dsg|问题|不解决
null|安全气囊|null
奇瑞|发动机|换
奥迪|null|破
宝马|涡轮|还没检验
君威|车头|拱起来了
null|前脸，尾巴|山寨
丰田|价格，厂商|太贵，日本产的
谷歌无人驾驶汽车|成本|异常高
比亚迪|null|脑残才买
一汽，上汽|品牌|老字号
大众|null|null
奥迪|null|更好的选择
别克凯越|null|破
马丁|null|null
比亚迪|null|抄袭
比亚迪|技术炒作|还有底线吗
别克|烧油|厉害
比亚迪|打造品质|没水准
奔驰|null|彻底靠边站
别克，比亚迪|视频|没给品牌产品加分，脑残
奔驰1，8t|涡轮漏油|是必然的，是常态的
雪佛兰ssss|保养价格|坑爹
雷克萨斯|价|内幕
汉兰达|性能|不行
奥迪|品牌形象|丢人
日本车|耐撞程度|不经撞
比亚迪|null|下手太慢
途观|null|null
奇瑞|null|上进一点
日系豪华车|null|踩不到点上
日系豪华车车型|销售价格|主动降吧
起亚|null|苦了
荣威350|null|味极重
本田|null|不喜欢
v60|null|一般
新cr-v|座椅|更舒适
迈腾新车|块头|惊人
迈腾|轮胎|翻新，喜欢，低对大众的信赖
大众，丰田，日产|气味|大
福特|null|偷偷摸摸
奥迪|null|无语
奥迪|空调|不会冷，问题不断
比亚迪|车身尾部|亮眼
马六|开车素质|乱开
雨燕|改装|面目全非
凯美瑞|停车|不要脸
比亚迪，雷克萨斯|外观|太愚蠢，蛋疼
夏利|null|不像大人物
2，0d-link奥迪tt|外形|太女人，不够man
天籁|屁股|恶心
比亚迪|手段|大尺度，风骚，露点
null|低速，高速|顿挫感严重，飘
雷克萨斯es|null|失去信心
比亚迪|null|不是做汽车的料
比亚迪|抗装机力度|null
途观|腿部空间和载货空间|过小
奥迪|null|一个样
新迈腾，新帕萨特，新郎逸，新宝来|前脸|完全一个样
途安，夏朗|null|最悲剧
比亚迪|null|炒作，不入流
比亚迪|高科技|炒作，安全隐患
雅马哈|废气检测|无法过线
harrier|性能|不是高性能
奥迪|null|霸道，怒了
东风本田|业务|太古寒
一汽大众|前脸|制服化
别克新君威2，4|水温表|晃动，不正常
东风悦达起亚|null|把我们听众当傻子
奔驰奥迪红旗作出租车|油耗，城市的拥堵|高，做了贡献
奥迪a6|视频文件|不允许播放
雷克萨斯，马自达|铁皮|软
新款车|外型|不配这头衔
a8|好看|小气
奥迪a8l|底盘|底
丰田维修团队|低效|低效
新奥迪a4l|精准操控，加长版，主打|到底是想怎么卖
雪佛兰沃蓝达|null|低迷
比亚迪|营销|火辣，邋遢
那辆车|车内味道|刺激够呛
保时捷|品牌|廉价
东风本田|null|有压力
比亚迪|车的质量|垃圾，不彻底改革
比亚迪|null|破车
丰田佳美|null|垃圾，谋财害命
丰田|质量|差到家了
大众|参观收听设备|不咋样
雪佛兰|售后|操蛋
丰田|精神|愚直
起亚|舒适性|不舒服
福特|抄袭|不要脸
开这种车的|null|没素质
雅力士|null|英年早逝
奥迪|性价比|太低
阿斯顿马丁|整车效果|差强人意，缺乏新鲜感
车|外观|丑
别克车|改装成跑车|吃饱了撑着，闲的蛋疼
日本品牌国产汽车|品质|极大的隐患
一汽|null|null
null|车身|轻
比亚迪|质量|很多问题
兴庆|车行，司机|如龟，烦躁
a4a6|素质|不咋地
维修厂里|维修工艺|较大差距
x1|方向，油门|很重
起亚|null|看都不要看
开奥迪的|技术|不行
比亚迪|利润，汽车业务，it代工，投资|缩水九成，萎靡不振，严重下滑，无法收回
标志508|造型|不喜欢
null|经销网络，媒体关系和品质问题|犯了错误
null|质量的提升|忽视了
null|isofix接口或者latch接口，车身固定和安全带|没配，用脚趾头想就知道
新车|品牌价值|降低了
奥迪|玻璃|脆弱
null|新车玻璃|开了花
日货|日本家电及汽车厂商|倒闭
丰田霸道|价格，油耗，污染|贵，高耗油，高排放
比亚迪|销往国内的|null
法拉利|驾驶快感|高贵
粉色君威|粉色|恶心
自主品牌|价格优势|消失，迫在眉睫
null|前驱|怪胎
车市罗盘|null|冰山一角
null|服务|差到死
东莞卖车|优惠幅度|少
null|服务质量|差，g眼看人低
奥迪|喇叭声|没吉他动听
车|排放|不达标
起亚k2|倒车镜，后排车窗|麻痹
君华比亚迪|null|能这么大大手笔
丰田，本田，雷克萨斯|销量和口碑，安全性能，节油经济|渣子
奇瑞，比亚迪，吉利|null|严重
某车|增压发动机，全焊接底盘，速度|不死人才是怪事
丰田|刹车系统，安全性|不稳定，不高
新揽胜|车头，设计|丑爆了
雅阁，新cr-v，新思域|屁股|毫无设计可言
本田|前脸，屁股|好看，丑
trailbrazer|方向盘，油门，动力|沉，沉重，延迟
大众|品牌定位|失败
crv|狂追奥迪|傻b
宝马奔驰奥迪|null|失了光彩
这车|款型|不好看
林肯|产品竞争力，成本回收|不足，漫长
k5|品牌美誉度|不可控
rav4|款式|过时了
本田|油|油老虎
大众|null|走下神坛
大众旗下的中高端品牌|质量|让人深思
电动车|速度|快又乱钻，危险
罗拉，佳美，皇冠|null|吃老本
丰田|品牌|产生危机感
档杆|使用感觉|钢筋棍
本田|引以为傲的技术，发动机|不见踪影，老迈
座位|格局|独特
新帕萨特|整车可靠性|null
雪佛兰|质量，售后服务|差劲，更差
这款|null|最丑的，不看好
永达福特|维修技术|太差
长安福特|null|坑爹
4s店|服务质量，质量保证|哎
gt86|null|名不正，言不顺
日产|安全性|不信任
奔驰|null|落后
别克通海|服务|差
八下里丰田|保养|无视
null|销量|不行
三菱4s店|null|砸
吉利，比亚迪，奇瑞|null|差远了
日本车|null|脆弱
本田|后备箱|迅速折叠
帕萨特和迈腾|null|烂
粉色奥迪|实用性，后排空间|不适用，只能坐小朋友
长安福特|null|null
起亚k5|外形，性能|中看不中用
crosspolo|空间|mini
奥迪|保养|这么贵
奥迪a6l|保养|贵
奥迪a4|马路杀手|越来越多
null|车架|能拽出来
广汽丰田ssss第一店|服务态度|遭到无视
马自达日产本田丰田什么的|感觉|不靠谱
电动车|null|祸害
null|分量|少
奥迪|售后|差
吉利，比亚迪，奇瑞|null|差远了
日产汽车|销量|影响
鬼子车|后期费用|不便宜
思域|保养价格|打挣保养费
宝马x1|价格，加速性|null
东风本田，广汽本田，一汽丰田和广汽丰田|库存|销售缓慢
英菲尼|品牌|日本
奥迪a6品牌|null|无德
东风本田|null|讨厌
国家队|技术|吹牛逼，抄袭，恬着脸
null|营销|null
新款蒙迪欧|null|推
大黄蜂|尾气|不达标
奇瑞|人才流动|太大
奇瑞|合作氛围|不突出
国产车|质量|差
null|车尾|难看
奇瑞|冒进政策|没看好
这辆车|离合|美中不足
丰田|null|不顺眼
交通|null|多焦
长车|下坡|大问题
大众|null|蛋疼
本田|防盗功能|不敢恭维
null|参观人数，规模和档次|配不上国际标准
长安铃木|null|null
奥迪车|发动机|烧机油
宝马|null|被秒杀
null|设计能力|null
大众|外形|趋同
吉利|使用时间|null
奇瑞|开了两年后的状况|想拖拉机一样
大众|外形|null
本田|电池|没电
seatleon|销量|相当惨
大众|null|没有底线
byd，长城|null|单一
奥迪a6|速度|慢
日产车|null|可怕
辉腾|减重|必要，不符合节能减排的理念
桑塔纳|null|难看
奔驰|对市场的反应速度，降价|慢，严重损害了其品牌价值
丰田|产量|强烈抵制
现代|突然加速事件|含糊其辞
奥迪a4l|刹车灯|刺眼
奇瑞天杭4s店|质量，销售|差，不行
雅力士和威驰|null|过于寒酸
雅力士|销量|仅，无法理解
广汽丰田雅力士，一汽丰田|品牌销量|极其失败
雪铁龙和福克|发动机|会嫌弃
一汽|盈利|干亏
这材质|材质保养|太费劲
红旗|null|最不喜欢
广汽丰田|null|坑爹
美车|null|不及日德
途观|驾乘感，加速，内外观|不行，四不像
别克|null|不太稀饭
奔驰|工业设计，营销定位|远弱于，完全输给
宝马|null|null
奥迪a6|null|不喜欢
蓝牙耳机|null|不方便
奥迪|null|太腐败
途观|null|不给力
国产车|制造和研发水平|处于劣势
omg|null|不可爱了，不喜欢了
宝马|null|贼讨厌
四个圈|服务|贵
奥迪|null|不喜
crv|null|不太喜欢
奥迪a4|null|不喜欢
丰田，奥迪|null|不喜欢
奥迪|性价比|不值当
奥迪|null|不喜欢
大众途锐，奥迪q系列，卡宴|风格线条|太圆润
辉腾|起步|慢
奥迪r8|颜色|不喜欢
奥迪|外型|不新鲜
宝马5|长相|不喜欢
它|性能，性价比|无法抗衡
宝马x1|内饰，价钱|钢性，不能满足
宝马7|价格|不喜欢，没银子
兰博基尼|null|不舒服
奥迪|ff驱动机构|头太重，容易吃胎，操控不好
宝马的新5系|设计风格|不喜欢，平庸
2011新款|前大灯|不喜欢，阴沉
土豆泥|null|不喜欢
rs，tts|头，灵活性，操作空间|偏重，不灵活，太小
奥迪|null|低调
日产|null|就会忽悠
大众|null|没好感
奥迪|品牌|不喜欢
奥迪|null|平庸
奔驰奥迪宝马|null|不喜欢
丰田车|刹车系统|不好
奥迪a3|售价|可以买两部这样的车
克莱斯勒|内饰，安装，质量|最糙
a6|null|渣
奥迪|操控|让人难受
奥迪|null|不行
奥林巴斯|摄影系统|最靠谱，最不待见
null|引擎，重启的顿挫感|自动熄火，差
奥迪|null|不喜欢
大众的车|null|太死板
cc|空间|小
null|维护|贵
奥迪|发动机|烧机油
奔驰|保养费|老高了
国产的|质量|不见得好
奥迪，宝马，沃尔沃|null|这德行
大多数车|操控，舒适性，悬挂，方向盘|远远不如，又硬又颠，有巨大的虚位
奥迪|null|怎比宝马
tt|外形|不喜欢
前驱车|null|不喜欢
null|前悬，侧面|太长，侧面不好看
s8|null|一般般
null|轮毂|不好看
q5|轮毂|难看
奥迪|null|脑子被枪打过了
a1|开价|贵
跑车|null|不喜欢
glk|null|太硬
q7|刚性，天窗|不够，容易漏水
奥迪|null|不能说奥迪很差，不值这些钱
a6|座椅|居然
奥迪|核心技术，全时四驱，fsi全系|没什么像样的，鸡肋，烧机油
a7|外观|难看
德系车|油耗|油耗过量
奥迪旧车|故障率|太高
本田|null|不喜欢
本田系列|null|不喜欢
奥迪|舒适性|不舒服
奥迪|做工|粗糙
null|发动机，车身整体性和底盘一体性|噪音大，差
奥迪q7|null|舒服
宝马奔驰|null|不喜欢
null|操控，安全性|失去了
奥迪|头灯|不喜欢
slk，cls|风格|不妥当
奥迪|油耗|烧机油
马自达|null|不喜欢
奔驰|null|不喜欢
奥迪|耗机油状况|很厉害
奥迪|null|样子货
宝马5系|音响|不是一般的烂
tt|null|不是太喜欢
奥迪|方向回馈力度，路感，停车熄火模式|不佳，较为模糊，不喜欢，很不适应
奥迪q5|null|不好
新款|null|不喜欢
奥迪|null|不好
奔驰c|性价比|更差了
新帕萨特|内饰|不敢恭维
粉色车|null|很楞也很难看
东风日产|null|不喜欢，太傲慢了
奥迪|null|弱智
大众|刹车|偏软
奔驰|速度|慢
大众|传统味道|流失
悍马|外观|不好看
奥迪a7|溜背设计|怪异
大众|服务|没有这么好
丰田|车型|比不上
奥迪宝马|后面|那幺小
斯巴鲁|宣传效果|弱
null|耆侈品的内在|缺乏
沃尔沃|处境|尴尬
那车|外观|方方的，不喜欢
奥迪|车型|老气
辉腾|null|不咋地
福特|左舵，品牌|大，不喜欢
null|配件质量，服务店|差，掉包
null|氧传感器质量|比较差，易损件
3w4刀的奥迪|天窗，内饰，轮毂，坐垫，安全气囊|没有，没好看的，没霸道的，没加热的，自配
北京现代朗动实车|质感|差，丑
null|a柱视觉|不太好
油箱|油耗|小
奔驰|价格|不亲民
null|过弯性能|差点
奥迪|内室|好小
null|故障率，维修费|高，吓死人
null|灰色的杠杠|不喜欢
奔驰宝马奥迪|售后服务|屎一样
null|黑白格子|不舒服
比亚迪|null|不喜欢
奥迪|null|喜欢
q3|空间|太小
奥迪|前脸|最不喜欢
这个车|null|不符合中国国情
锐志|null|讨厌
glk|产品力|不如
奥迪a3|null|屎
雪弗兰|null|真不怎么喜欢
三星|null|骗子，色诱，吹牛皮
奥迪，宝马|广告|null
null|外形|null
suv|路感，油耗，空间| 差，大，小
奥迪q5|动力|比不上
奥迪q5|广告，售价|装逼，高
德国车|内饰|硬邦邦
奥迪a8l|发动机|不足以
韩国车|null|山寨车
null|刹车，油耗|偏软，高
null|设计，地盘结构，tfsi发动机，价格|一样的， 换汤不换药，烧机油，昂贵
途观|价格和性价比|无奈
奥迪|尾灯|刺眼
null|浅色内饰|丑
null|引擎盖|有条缝
宝马|安全|会自然，安全更重要
迪奥|档次|太低
q3|空间|太小了
这种车|安全性能|差
奥迪|品牌|不喜欢
沃尔沃|外观，安全的品牌塑造|不吸引人，不成功
null|外形|不够帅气
奥迪a6|款式|不喜欢，官气，商务
大众|销售|不爱理人
宝马|服务态度|没人搭理
奥迪|null|低调
null|内部空间|小
330i|外观|不喜欢
奔驰|油门|有点重
日系|安全|车轻皮薄不安全
奥迪车|null|不怎么喜欢
奥迪|null|null
凌志lx570，巡航舰|音响|垃圾
lexus|null|最看不起
奥迪|null|不喜欢
大众|烧机油，进而引发什么启动困难，怠速抖|没办法解决
大众|null|不太喜欢
null|颜色|蛮漂亮
null|排量，发动机|很尴尬，无亮点
奥迪|内饰，车门|太难看
宝马|null|不喜欢
奔驰e|竞争力，中期改款内饰|弱，不会有质的飞越
桑塔纳夏利|null|不喜欢
奥迪|设计|张扬
null|屁股|难看
现代|安防性能|差
奥迪|车型|好难看
路虎|null|null
null|性价比|太低
前大灯|前大灯|小气
null|发动机|烧机油
奥迪|卖点|千篇一律，不喜欢
新a6l|车型，配置|无语
奥迪a6l|内饰与座椅|豪华的，经济型
奥迪|销售态度|差
进口奥迪a8|级别|霸气外露
a7|null|没特点
奥迪|null|不喜欢
null|性价比|差
q3|定价|有些高了
奔驰|外观|不喜欢
奥迪/a1|轮胎|不是防爆的
null|自动泊车|坑爹
null|发动机，起步，提速，换挡|吃力，力不从心，顿挫
标致505|null|不喜欢
a7|外型|已经疲劳了
大众|null|恶霸
奥迪r8|null|不靠谱
宝马|顶棚和内饰的颜色相区分|穿补丁一样
奥迪|led行车灯|丑
奥迪|null|宝马别向奥迪靠拢就行
奥迪|用色|过于激进
那车|屁股|不好看
null|头部空间|坑爹
奥迪|质量，可靠性|差
奔驰|null|不好
雅阁|油耗，外观|既废油又肉
日系，韩系|null|不喜欢，没人喜欢
奔驰，奥迪|长相|不喜欢
bmw|null|不喜欢
jaguar|外观，质量|难看了，不行
跑车|null|不实用
奔驰的e系列|null|有点乱
奔驰e级1|前脸，脸面和尾巴，价格|霸气，不如，高
奥迪|null|不够吸引
奥迪|null|恨
沃尔沃|null|恨
宝马|标致|不喜欢
拖拉机|null|不喜欢
奔驰|null|null
null|噪音|大
宝马|烧机油，保有量和呼声|真不少，没奥迪多
q7|null|不喜欢
null|样子，车标|不好看，猥琐
a6|空间|太小
丰田|null|去死
奥迪a6l|null|也不要
大众集团|null|不喜欢，自大
它|大天窗|没有
奥迪宝马|性能，后期保养|小问题非常多
奔驰，奥迪|null|不愿意多看一眼
摩托车|null|危险
大众|null|鬼地方
null|油耗|在降低点
null|售后，动力|差，太差
奥迪|null|太旧
奥迪a8-6，0|小毛病，服务|真多，不咋的
齿轮|耐用性|不太容易解决
中国汽车|车标|丑
日韩品牌|null|最不喜欢
广汽丰田|null|真坑
奥迪q3|null|null
奥迪|null|不喜欢
2，5t版本|动力|太可怕
null|价格|不菲
null|座椅|不舒服
奥迪1，8|车身，排量|重，小
迈腾|感觉|翻版
奥迪|外型|不是我喜欢，不失lol
奔驰|null|不喜欢
奥迪|null |肿么没有
奔驰|null|不喜欢
null|价格|贵
奥迪|null|不喜欢
a6l|null|不喜欢
奥迪|动力|小
奥迪|心脏|不好
雪佛兰皮卡|创意|浪费
no，7kia|null|太烂
轮胎|进口|不适用
奥迪|null|不喜欢
奔驰，奥迪|null|null
a6|前脸|不喜欢
6gc|配置|坑爹
奥迪|null |不怎么喜欢
奥迪奔驰|null|低
别克|null|不能接受
科鲁兹|null|费油
马六|降价|降价
奥迪|null|太厚实
捷达|null|null
奥迪|选配内饰|太死板了
奥迪，宝马|null|浮云
奔驰公司|null|真心的抠
奥迪小改款q5|改款|改得很纠结
安卓|系统生态圈建设，整体操作体验，工业设计，应用质量|还需努力
奥迪|null|看起来这么不舒服
a4l2，0t|价格|null 
smart|外观|太过迷你
volvo的s80l|安全|不如以往强调
小众车|保值率|低
奥迪|null|null
丰田坦途|车型|null
途观|座椅空间|会卡住啤酒肚
宝马minisuv|null|极力反对
奔驰|服务，质量|差
ml/gl|操控|最一般
雷诺|null|烂
奥迪|null|不是什么好货
q5|null|不是一个等级
null|驾驭感|不足
null|视线|差，低且窄
a5|方向，路感指向|偏轻，没法比
奥迪|刹车|刹车灵敏快后段迟缓
奥迪|缺点|数不清
tt|null|去死吧，没那么霸气
现款的奥迪|尾部|不太喜欢
本田雅阁|发动机，四轮轴承，氧传感器|定期清洗，易损件，比较差
奥迪q5|发动机|烧机油
揽胜，X6，桑塔纳|外观|难看
宝马|外型|不够大气
a1|外观|远远没有那么丰富
国产a6l|null|保持无语
s5|风格|不太喜欢
奥迪|null|不要
宝马|null|讨厌
保时捷|价格|买不起
宝马|舒适性|不舒服
上一代a4l|和新中网相比|null
mba奔驰宝马奥迪|外表|太大众了
大众|内饰，价格|全塑料，加价
大众|安全性|不行
奔驰|奔驰|价格
雅阁|驾驶感受|不喜欢
奥迪|烧机油|缺点
null|漏风，隔音，油耗|不佳，偏高
a4|发动机|犹豫
奥迪|null|好不到哪里去
沃尔沃s80|车型|嫌弃它小
路虎|发动机|有点那个啥
电镀奥迪r8|反光|厉害，容易追尾
null|仪表盘，操控区域|可以做得更美
null|提速，涡轮增压|肉
null|刹车|abs，不敢猛刹
车|内饰|太死板，不符合年轻时尚
新a8l|null|差的很远
null|动力|垫底
s60|安全系数|null
rs5|推背感|稍弱
奥迪|玻璃颜色|不喜欢
揽胜|油耗|饭桶
车|模样|不喜欢
雷克萨斯|null|讨厌
宝马奔驰|价格|买不起
宝马6系|null|null
q5|大小|太大
q3|市场|灰头土脸
q3|空间|小的不能再小
奥迪|价格|null
a4|null|被秒杀
奥迪q5|起步|超级肉，不喜欢
奥迪q5|null|鸡肋
大众|车系|看不起
宝马x1|内部空间|小
奥迪|这招|败招，不高级
奥迪|驾驶体验，动力，顿错|差点
奥迪|null|想多了
奥迪r8|粉色|受不了
大众|空间，空调，内饰|不够大，不够细腻，不太好
新a6|前大灯|不如老款霸气
奥迪a7|外型|既不显大气，又无霸气，看上去倒有些憋气
三星|null|null
思域|车内高度|不够
奥迪|车身|嘴硬
宝马|null|过敏
新宝马3系|视频|失落
a1|外形|不敢恭维
奔驰宝马|null|贵
奥迪|保养成本|高
途观|性价比|null
奥迪|油价·|逼急了
宝马|手刹设计|不喜欢，有点土
a4|保养周期|没优势
320li|价格|贵
a6l|外观|不认同
奥迪|内饰|恶心
奥迪q7|null|小儿科
bmw|配置|坑爹
奥迪|品牌价值，性价比|弱于，还是不错的
polo|个小能装|小
宝马|质量，市场竞争力|削弱
rs5|车身结构的强度|null
null|原地打方向盘|很重
audi|价格|贵
新奥拓|制动性能|乱撞人
null|气囊|摆设
大众奥迪|质量|保障不了
奔驰|null|c级
a4|油门，车噪|暴力，打了很多
奥迪|外形|大众脸
奥迪r8|hellokitty涂装粉红色|好贵，买不起
奥迪|操控感受|不及
钣金|内配做工，座椅做工|不够精致
a6avant|车尾，外观|怪怪的，过于霸气
丰田凯美瑞|null|不会当做豪华车
奥迪a6|车太窄|太窄
a1|价格|价格贵，性能树
拖拉机|越野性能，价格|null
捷达|null|淘汰
lexus|在中国的发展|不如意
标30fsi|排量|恬不知耻
奔驰宝马奥迪|null|装逼俗
奥迪|质量|差劲
奔驰|null|不怎么好
悍马|油耗|太耗油
劳斯莱斯|价格|太贵
保时捷|null|没用
奥迪，奔驰|导航配置|超级旧
奥迪|价格，油耗，保养|sb
车|性能|没看
null|价格|贵
保险杠|质量|null
奥迪|保养价格|高
日系豪华品牌们|价格，宣传|不给力
c180|null|低端
e系|设计师|null
奔驰c|空间|太小
null|外形|杯具
双星|质量和做工|差
一汽奥迪|工作人员|举止野蛮，言语蛮横，态度差
大众|口碑，发动机|不佳，故障很多
minicooper|头灯设计|所缺乏的锐利与霸气
奥迪|null|算个鸟
null|舒适|欠缺
轮胎|轮胎|出问题
发动机|发动机|出问题
null|喇叭，驾驶习惯|不好
奔驰|销售|不适合在中国销售
q5|脸谱|老气
奥迪|质感|还需努力
奥迪|null|不爽
奔驰|后座空间|坑爹
宝马|优惠|抠
整车|噪音|比较大
null|刹车|偏硬
大众|油耗|烧汽油，烧机油
奥迪a8l|价格|不买
黄金车|磨损|有钱烧得起
a6l和a8l|霸气|缺少
迈腾|null|不够好
奥迪新a8l|设计|雷同
通用suv|suv市场|短板
凯迪拉克|地位|边缘，差距越来越远
奥迪|室内空间，人流流动|太小了点，不太合理
日产楼兰|定价|高
null|品牌|差距
null|服务|垃圾
奥迪|服务态度|不敢恭维
奥迪q3|操纵性，实用性|比不上，不着边儿
奔驰|保养价格|很致命
2011款的a4l豪华版|蓝牙|太对不起
奥迪|null|坑爹
奥迪a4|发动机|不如
宝马|配件质量|不会到位
奥迪|轮毂|太小
奥迪|null|无耻
q7|外形|臃肿
宝马6系|定位|有点高
650i|售价|高
null|座椅舒适度|不足
新车|null|真好看
吉利|安全差距|无视
奔驰|服务|差
国产车|质量，性能|不好
null|定价|偏高
奥迪|定价|不厚道
s350|null|无兴趣
宝马|配置|差
奥迪|null|失去信心
null|售后|不负责任
帕萨特|气管|太多
null|维修，气管寿命|不方便，不长
null|发动机，车重对低速加速的影响|偏高转，负担
保时捷宝马|null|不行
奥迪a4l|刹车，油门，车头|差，重，太重
奥迪s5|外观内饰，动力系统|弱爆了
大众车|null|不厚道
奥迪|null|不给力
null|刹车，高级感|震动和前倾，减少
null|减震，舒适度|硬，不足
null|升挡，变速|过快，不稳
null|中控台布局造型|陈旧
a5|null|null
a6|null|不适合
大众|null|不要脸
大众|态度|不真诚
雪佛兰沃蓝达|null|低迷
桑塔纳|null|难看
奥迪|null|弱智
丰田|品牌|产生危机感
seatleon|销量|相当惨
别克|null|看着高端用起来低端
大多数车|操控，舒适性，悬挂，方向盘|远远不如，又硬又颠，有巨大的虚位
crosspolo|空间|mini
宝马|4s店服务|相差太远
4s|售后服务|null
80年代的车|null|影响自主品牌发展
byd|null|null
奥迪q7|null|舒服
q5|广告|失败
奥拓|null|null
奥迪，宝马|广告|null
奥迪|null|null
奔驰，奥迪|null|null
奥迪|null|想多了
奥迪|保养价格|高
奥迪a5|null|被秒杀
新车|null|真好看
奥迪a8l|价格|不买
奥迪q3|null|null
奥迪q5|null|鸡肋
奥迪奔驰|null|低
奥迪|空调|不会冷，问题不断
长安铃木|null|null
八下里丰田|保养|无视
宝马|null|null
宝马|null|被秒杀
宝马|null|null
奥迪|头灯|不喜欢
宝马6系|null|null
宝马minisuv|null|极力反对
奔驰|null|null
瓦格纳加蔡澈|null|null
宝马|形象|差
奔驰|维修价格|天价
null|价格|贵
奔驰sprinter|速度，避震|慢，死硬
本田|抗撞击|塌一个大坑
本田|捐款|才捐二十万
比亚迪-byd|null|null
比亚迪奇瑞吉利|对待客户态度|null
大众|null|null
大众|价格|不厚道
大众汽车|对待客户的态度|没诚信且傲慢
东风本田|null|讨厌
丰田|刹车性能|刹不住
丰田|刹车性能|吓
丰田|null|不信这么硬气
别克|null|再输，受不了
丰田佳美|null|垃圾,谋财害命
丰田凯美瑞|null|太平间里安心睡
丰田凯美瑞|null|不会当做豪华车
丰田雅力士|null|null
福特|null|null
广汽|防撞梁，车门|没有，焊接的
广汽传祺|总体评价|null
凯美瑞|null|null
汉兰达|null|null
吉博力|null|null
吉利|使用时间|null
捷达|null|null
凯美瑞|null|null
科鲁兹，景程|车标，安全性|难看，会自然
路虎|null|null
马丁|null|null
奇瑞|合作氛围|不突出
奇瑞|开了两年后的状况|想拖拉机一样
奔驰ecoupe|款型|臃肿
起亚k3|null|null
日产|null|null
日产|null|null
新车|品牌价值|降低了
雨燕|改装|面目全非
丰田|null|null
三星|null|骗子，色诱，吹牛皮
三星|null|null
桑塔纳|品牌|放弃了上海牌
e系|设计师|null
途观|null|null
雪佛兰|付款|null
雪佛兰|null|null
雪佛兰|价格|悲剧
本田|null|走下坡路
这车|款型|不好看
宝马|安全|会自然，安全更重要
日系|安全|车轻皮薄不安全
null|安全气囊|null
null|胎，车门，悬挂系统，刹车优先系统|劣质，焊接，垃圾，没有
日产|保养|尼玛
null|报价|不便宜
奥迪q3|操纵性，实用性|比不上，不着边儿
奥迪|刹车|刹不住
glk|产品力|不如
上海大众|产品质量，售后服务质量|差
奥迪a4|敞篷|null
车|性能|没看
null|车架|能拽出来
null|主流车型|存在致癌风险
福特汽车|广告|极其烦人
这些导航|导航|远远不及
起亚k2|倒车镜，后排车窗|麻痹
慕尚|倒车雷达pdc|不足
奔驰|电池，致癌性，发动机|电池门，致癌门，抛锚
科鲁兹|电瓶|像大姨妈一样
奥迪q5|动力|比不上
大奔|动力|不如别克
起亚车|动力，提速|无法相比，有很大差距
奥迪a8l|发动机|不足以
比亚迪|发动机|null
奥迪r8|粉色|受不了
比亚迪|服务|何时能赶上
null|服务态度|倒闭，老天下了眼
广汽丰田ssss第一店|服务态度|遭到无视
4s店|服务质量，质量保证|哎
马六|开车素质|乱开
比亚迪|功能，营销|功能展示不明显
null|技术感|操
奔驰|节奏，3.5v6的技术|跟不上，out
a1|价格|价格贵，性能树
思域|保养价格|打挣保养费
bmw|配置|坑爹
q3|空间|小的不能再小
奥迪a5|null|烧机油
宝马5系|保养成本|高
捷豹xf|空间|再大一点
奔驰e级|屁股|不那么翘
英菲尼|品牌|日本
这辆车|离合|美中不足
一汽大众|4s店排污|污水排入小溪
沃尔沃|气囊|自爆
奇瑞|人才流动|太大
null|设计|null
null|设计能力|null
新揽胜|车头，设计|丑爆了
日本车|安全|牺牲
福特|视频|外行
奥迪a6|视频文件|不允许播放
奥迪a3|售价|可以买两部这样的车
null|底盘厚实度，前门板扶手，整体舒适性|差一点，太短，比不上
a1|外观|远远没有那么丰富
null|外形|null
大众|外形|趋同
大众|外形|null
长车|下坡|大问题
奔驰c系|味道，销量|异味，被抛开
奔驰|销量绝对值和相对增幅|落后
丰田混动|售价，销量|高，未能大幅
雅力士|销量|仅，无法理解
奥迪|销售|null
比亚迪|销往国内的|null
null|新车玻璃|开了花
途观|性价比|null
奔驰|宣传广告|装高雅
奥迪|宣传广告|爱炫
凌志lx570,巡航舰|音响|垃圾
null|发动机|差强人意
null|引擎盖|有条缝
null|营销|null
保险杠|质量|null
lexus|中国豪华车市场|差很远
a4l2.0t|价格|null 
tt|null|out
奥迪|价格，油耗，保养|sb
比亚迪电动出租车|技术|安全隐患
挡风玻璃|价格|昂贵
小别克|前挡|凹
奥迪4s店|态度|傲慢
奥迪4s店|态度|傲慢
奥迪4s店|服务|傲慢
奥迪4s店|态度|傲慢
null|前脸，尾巴|山寨
东风悦达起亚|null|把我们听众当傻子
奥迪|null|霸道，怒了
丰田|null|白开水
铃木|品牌，马达|太低贱，太糙
日产|null|软蛋
null|气囊|摆设
2012款本田cr-v|尾部设计|败笔
奥迪|这招|败招,不高级
丰田|刹车|刹不住
本田|null|怕手指戳
尼桑|铁皮|薄
国产a6l|null|保持无语
大众奥迪|质量|保障不了
丰田卡罗拉|null|不喜欢
奔驰和宝马|null|暴发户
奔驰宝马悍马|null|暴发户
a4|油门，车噪|暴力，打了很多
日系车|null|杯具
雪铁龙|null|悲催
丰田凯美瑞|null|被彻底干翻
2.3,1.3发动机|发动机|崩溃
雪铁龙和福克|发动机|会嫌弃
奥迪|油价·|逼急了
本田锋范|全方位性能|比不上
本田雅阁|发动机，四轮轴承，氧传感器|定期清洗，易损件，比较差
null|氧传感器质量|比较差，易损件
null|噪音|比较大
整车|噪音|比较大
4s店|null|变态，鄙视
辉腾|减重|必要，不符合节能减排的理念
宝马3系,大众cc|null|边缘
雷克萨斯es350,奥迪a4|null|差
奔驰|null|c级
凯迪拉克|地位|边缘，差距越来越远
奥迪|保养费用|谁他妈说便宜的
奔驰国产车|null|别买
车市罗盘|null|冰山一角
大众|销售|不爱理人
丰田|安全性|不安全
奥迪|null|不霸气
鬼子车|后期费用|不便宜
沃尔沃|外观，安全的品牌塑造|不吸引人，不成功
奔驰|品牌|不成熟
车|排放|不达标
大黄蜂|尾气|不达标
别克|小毛病，保养费，排气管消音器|不断，死贵，经常坏
致胜|性价比|提价减配
蓝牙耳机|null|不方便
奥迪a1|款式，空间|不方便，太小
suv|路感,油耗,后排空间,停车|差，大，小，不方便
null|价格|不菲
山地车|价格|不菲
byd|功能|不符
encore|新设计|不符合规范
这个车|null|不符合中国国情
丰田|null|不负责任
null|售后|不负责任
本田|防盗功能|不敢恭维
奥迪|服务态度|不敢恭维
新帕萨特|内饰|不敢恭维
a1|外形|不敢恭维
null|刹车|abs，不敢猛刹
丰田|刹车系统，安全性|不稳定，不高
cc|性价比|不高
奥迪|性价比|不值当
奥迪|null|不给力
a3|内饰|非常差
途观|null|不给力
日系豪华品牌们|价格，宣传|不给力
手挡车|起步|不给力
q7|刚性，天窗|不够，容易漏水
思域|车内高度|不够
null|transmission，加速感，排量，颜色，外形，价格|不好，不够，小，不好看，丑，搞
大众|空间，空调，内饰|不够大，不够细腻，不太好
宝马|外型|不够大气
钣金|内配做工，座椅做工|不够精致
宝马|内饰|不够科技
奔驰|外观|老气
null|外形|不够帅气
奥迪|null|不够吸引
别克|null|不过如此
奥迪|null|不行
保时捷宝马|null|不行
本田，日产，马自达，本田|null|不行
通用的汉兰达|爬坡|不行，爬不动
日本车|null|不行
途观|驾乘感，加速，内外观|不行，四不像
大众|安全性|不行
开奥迪的|技术|不行
卡罗拉|null|不行
null|推广|不行
null|销量|不行
奇瑞天杭4s店|质量，销售|差，不行
汉兰达|性能|不行
jaguar|外观，质量|难看了，不行
日本车|null|不行啊
奥迪|null|不好
奔驰宝马|null|太招摇
奥迪|null|不好
奔驰|null|不好
欧洲车市|车市，竞争|不好，激烈
奥迪q5|null|不好
奥迪|ff驱动机构|头太重,容易吃胎,操控不好
丰田车|刹车系统|不好
null|喇叭，驾驶习惯|不好
雪佛兰科鲁兹|油耗|耗油
本田思域丰田卡罗拉日产轩逸|日产|不考虑
标志408|车标，车型|讨厌，难看
雪铁龙世嘉|外观|不好
大众朗逸-|内饰，价格，售后|不好，高，超差
奥迪|心脏|不好
国产车|质量，性能|不好
a1|外观|不好看
新款clk|外观|不好看
a7|null|没特点
别克|外观|不好看
悍马|外观|不好看
这辆车|外观|不好看
null|轮毂|不好看
那车|屁股|不好看
null|样子，车标|不好看，猥琐
太高档的车|汽油标号要求，维修|高，不好找地
null|定价，款式，货源|不合理，款式不足，刻意制造短缺
大众车|null|不厚道
宝马|配件质量|不会到位
harrier|性能|不是高性能
mini或者甲壳虫|null|不会考虑
null|汽车空调|不会冷
x5|操控|不会喜欢
ml/gl|操控|最一般
mba奔驰宝马奥迪|外表|太大众了
美车|null|不及日德
奥迪|操控感受|不及
null|漏风，隔音，油耗|不佳，偏高
奥迪|方向回馈力度，路感，停车熄火模式|不佳，较为模糊，不喜欢，很不适应
大众|口碑，发动机|不佳，故障很多
国产的|质量|不见得好
dsg|问题|不解决
途观|口碑|不尽如人意
菲亚特|耐撞程度|不经撞
日本车|耐撞程度|不经撞
奥迪a4|碰撞试验|不堪一击
奥迪r8|null|不靠谱
棒子的车|null|不靠谱
日产|防撞钢梁|不靠谱
通用的车|null|不靠谱
马自达日产本田丰田什么的|感觉|不靠谱
omg|null|不可爱了，不喜欢了
k5|品牌美誉度|不可控
这两种车|路线，思维方式|诡异，不老实
rs，tts|头，灵活性，操作空间|偏重，不灵活，太小
大众奥迪|null|不喜欢
宝马奔驰|价格|买不起
奔驰|混合动力|不买
德系车|耐用程度，油耗，保养|不耐用，贵
雪佛兰|保养|不能发动
别克定凯越|null|不能启动
新款车|外型|不配这头衔
奔驰|价格|不亲民
a6l|外观|不认同
4s店模式|前景|不容乐观
一汽|盈利|干亏
null|前脸设计|过度接近
福特|操控性|不如
奔驰e级1|前脸，脸面和尾巴，价格|霸气，不如，高
奥迪a4|发动机|不如
q7|外形|臃肿
null|越野性能|不如
新a6|前大灯|不如老款霸气
volvo的s80l|安全|不如以往强调
lexus|在中国的发展|不如意
比亚迪|null|炒作，不入流
cc|实用性，外型，空间|不实用，很好，很窄
sedan|外型|太难看
suv|null|不喜欢
跑车|null|不实用
volvo|null|不是别克gl8对手
日产尼桑|质量|不是吹的
奥迪|玻璃颜色|不喜欢
马自达8|null|不是很好，没有feel
新款本田crv|内饰|不是很舒服
宝马|null|不是很喜欢
奥迪|null|不是什么好货
tt|null|不是太喜欢
crv新款|null|不是我的菜
奥迪|外型|不是我喜欢，不失lol
宝马5系|音响|不是一般的烂
q5|null|不是一个等级
比亚迪|null|不是做汽车的料
奔驰|销售|不适合在中国销售
奥迪a4|null|不适合我
粉色奥迪|实用性，后排空间|不适用，只能坐小朋友
轮胎|进口|不适用
宝马|舒适性|不舒服
奥迪|null|不喜欢
兰博基尼|null|不舒服
起亚|舒适性|不舒服
null|黑白格子|不舒服
奥迪|舒适性|不舒服
null|座椅|不舒服
奥迪|null|不爽
丰田|null|不顺眼
索兰托|起步，加速|不算十分给力，十分吃力
比亚迪|产品，策划|不踏踏实实，呕吐
null|a柱视觉|不太好
null|刹车功能|不太好，危险
奥迪|室内空间，人流流动|太小了点，不太合理
齿轮|耐用性|不太容易解决
别克|null|不太稀饭
crv|null|不太喜欢
大众|烧机油,进而引发什么启动困难,怠速抖|没办法解决
宝马|null|不太喜欢
奥迪|油耗|烧机油
宝马奔驰|null|不太喜欢
大众|null|不太喜欢
现款的奥迪|尾部|不太喜欢
s5|风格|不太喜欢
null|升挡，变速|过快，不稳
奥迪a4|null|不喜欢
a6l|null|不喜欢
a7|外型|已经疲劳了
bmw|null|不喜欢
标志508|造型|不喜欢
q7|null|不喜欢
z4|null|不喜欢
丰田，奥迪|null|不喜欢
奥迪|null|不喜欢
奥迪|品牌|不喜欢
奥迪|null|不喜欢
奥迪|null|不喜欢
奥迪|卖点|千篇一律，不喜欢
奥迪|null|不喜欢
奥迪|null|不喜欢
奥迪|null|不喜欢
奥迪a6|null|不喜欢
奥迪r8|颜色|不喜欢
奔驰奥迪宝马|null|不喜欢
宝马|null|不喜欢
宝马|null|不喜欢
宝马|null|不喜欢
沃尔沃|null|不喜欢
宝马7|价格|不喜欢，没银子
宝马奥迪奔驰|null|不喜欢
宝马奔驰|null|不喜欢
奔驰|null|不喜欢
奔驰|null|不喜欢
奔驰|null|不喜欢
奔驰宝马奥迪|null|不喜欢
本田|null|不喜欢
本田|null|不喜欢
本田系列|null|不喜欢
比亚迪|null|不喜欢
标致505|null|不喜欢
别克车|null|不喜欢
大众|null|不喜欢
东风日产|null|不喜欢，太傲慢了
丰田|null|不喜欢
福特|左舵，品牌|大，不喜欢
卡宴|null|不喜欢
马自达|null|不喜欢
那车|外观|方方的，不喜欢
跑车|null|不喜欢
前驱车|null|不喜欢
日系，韩系|null|不喜欢，没人喜欢
土豆泥|null|不喜欢
拖拉机|null|不喜欢
新款|null|不喜欢
红旗|null |不喜欢
宝马|标致|不喜欢
宝马的新5系|设计风格|不喜欢，平庸
车|模样|不喜欢
null|灰色的杠杠|不喜欢
雅阁|驾驶感受|不喜欢
奥迪/a1|轮胎|不是防爆的
奥迪|品牌|不喜欢
a6|前脸|不喜欢
宝马|手刹设计|不喜欢，有点土
330i|外观|不喜欢
奔驰|外观|不喜欢
rav4|变速箱|无语
森林人|外观|不喜欢
途观|价格和性价比|无奈
tt|外形|不喜欢
奔驰，奥迪|长相|不喜欢
宝马5|长相|不喜欢
丰田|null|去死
奥迪a6|款式|不喜欢，官气，商务
奥迪q5|起步|超级肉，不喜欢
桑塔纳夏利|null|不喜欢
奥迪a7|外型|既不显大气、又无霸气,看上去倒有些憋气
夏利|null|不像大人物
奥迪|外型|不新鲜
日产|安全性|不信任
奥迪|null|不要
福特|抄袭|不要脸
凯美瑞|停车|不要脸
null|isofix接口或者latch接口，车身固定和安全带|没配，用脚趾头想就知道
奥迪q5|广告，售价|装逼，高
rs5|车身结构的强度|null
奔驰，奥迪|null|不愿意多看一眼
奥迪a8-6.0|小毛病，服务|真多，不咋的
丰田|车款，质量|千篇一律，不咋的
辉腾|null|不咋地
a4a6|素质|不咋地
大众|参观收听设备|不咋样
别克|null|不怎么行
奔驰|null|不怎么好
奥迪车|null|不怎么喜欢
奥迪|null |不怎么喜欢
mini|外观|不怎样
smart|外观|太过迷你
途观|腿部空间和载货空间|过小
null|维修，气管寿命|不方便，不长
奥迪|null|不能说奥迪很差，不值这些钱
林肯|产品竞争力，成本回收|不足，漫长
null|后排|不足
null|驾驭感|不足
null|起步动力|不足
null|座椅舒适度|不足
null|减震，舒适度|硬，不足
日系豪华车|null|踩不到点上
丰田|null|惨
比亚迪，吉利|产品|惨不忍睹
斯巴鲁|销量|惨淡
雪佛兰|售后|操蛋
蒙迪欧-致胜|装配，发动机|糙，故障，吓人
比亚迪|车载电池|严重影响车的操控，可能侧翻
null|前悬，侧面|太长，侧面不好看
丰田|刹车|刹不住
奥迪|null|嚣张至极
比亚迪|车，人品|差
这种车|安全性能|差
奥迪a4l|刹车，油门，车头|差，重，太重
null|发动机，车身整体性和底盘一体性|噪音大，差
null|噪音，齿轮箱，刹车|大，差，抖动
null|售后，动力|差，太差
起亚|环保，油耗，动力|爱积碳，高，差
null|服务意识|差
奔驰|服务|差
奔驰|服务，质量|差
别克通海|服务|差
null|服务质量|差，g眼看人低
null|做工，手感，椅子，隔音|粗，糙，硬，差
德国车|可靠性|差
suv|路感,油耗,后排空间,停车|差，大，小，不方便
东风日产|配件质量|差
null|配件质量，服务店|差，掉包
宝马|配置|差
null|视线|差，低且窄
奥迪|售后|差
别克4s店|态度|差
奥迪|销售态度|差
null|性价比|差
null|引擎，重启的顿挫感|自动熄火，差
北京现代朗动实车|质感|差，丑
捷豹xf|质量|差
丰田|质量|差到家了
奥迪|质量，可靠性|差
德国车|价格|太贵
国产车|质量|差
双星|质量和做工|差
null|服务|差到死
新a8l|null|差的很远
锐志|配置|差点
null|过弯性能|差点
奔驰的c|市场表现|差劲
audi|服务意识|差劲
雪佛兰|质量，售后服务|差劲，更差
奥迪|质量|差劲
民族品牌|null|有差距
null|品牌|差距
吉利|安全差距|无视
奥迪|品牌|差蛮多的
阿斯顿马丁|整车效果|差强人意，缺乏新鲜感
2|动力，换档|差一截，顿挫感明显
比亚迪|null|抄袭
长城比亚迪|抄袭，创新|特长，扯淡
奔驰c|甲醛含量|超标
雪佛兰爱唯欧|内饰致癌物质|超标
奥迪,奔驰|导航配置|超级旧
比亚迪|高科技|炒作，安全隐患
导航仪|不好用的导航仪|扯淡
trailbrazer|方向盘，油门，动力|沉，沉重，延迟
null|中控台布局造型|陈旧
世爵|发动机|成绩平平
别克车|改装成跑车|吃饱了撑着，闲的蛋疼
null|发动机，起步，提速，换挡|吃力，力不从心，顿挫
null|功能|充其量属于
车|外观|丑
中国汽车|车标|丑
null|浅色内饰|丑
本田|前脸，屁股|好看，丑
宝马|猪鼻子|张扬的一踏糊涂
奥迪|led行车灯|丑
丰田|油门踏板，刹车系统|出现问题
国产车|制造和研发水平|处于劣势
宝马|顶棚和内饰的颜色相区分|穿补丁一样
比亚迪|null|吹牛
日产天籁|车内味道|刺鼻恶臭
那辆车|车内味道|刺激够呛
奥迪a4l|刹车灯|刺眼
奥迪|尾灯|刺眼
韩国汽车|外形，内饰，机械|平平，土气，粗糙
奥迪|做工|粗糙
null|悬挂，底盘防腐涂层，封胶，后桥|非，无，粗糙的裸露的，脆弱纤薄
日本车|null|脆弱
日系车|null|脆弱
奥迪|玻璃|脆弱
骐达|保险杠|脆弱
奔驰|在中国的问题，品牌个性，性价比，营销问题|错综复杂，不如，迟迟不处理好
一汽|null|null
本田雅阁|null|打了鸡血
别克的昂克雷|外形，油耗|又大又贵，耗油
吉利|车型，安全|抄袭，不考虑
大众，丰田，日产|气味|大
null|噪音|大
汽车|质量|大打折扣
迈腾|null|不够好
比亚迪|抗装机力度|null
日系|销售量|大降
丰田|销售量|大降
null|车门|大失所望
君华比亚迪|null|能这么大大手笔
奥迪|null|大众化
奥迪|外形|大众脸
大众|外形|大众脸
大众|null|蛋疼
比亚迪|管理水平，技术水平|狂妄自大
美国的车|null|倒闭
日产|null|就会忽悠
null|排量，马力|大，低
c180|null|低端
比亚迪|炒作|低端
大众汽车|null|低端车世家
null|进气口松动|低级错误
比亚迪|广告|有点过了，蔑视法律，低级的
日系|低迷|产品技术的原因
大众|内饰，价格|全塑料，加价
r8|内饰|太难看
奥迪|null|低调
奥迪a8l|底盘|底
玛莎拉蒂|null|嗲到不行
途观|null|点很背
null|动力|垫底
奔驰|各方面|垫底
奥迪|销售人员|吊的很
奥迪q7|价格|掉价
雅阁，新cr-v、新思域|屁股|毫无设计可言
通用suv|suv市场|短板
广汽|发动机|短板
丰田凯美瑞|高速，刹车|断车轴，常漏油
null|低速，高速|顿挫感严重，飘
大众|null|恶霸
奥迪q7|舒适性|恶心
粉色君威|粉色|恶心
国家队|技术|吹牛逼，抄袭，恬着脸
一汽奥迪|出风口|恶心
一汽大众|null|恶心
本田|车款名称|恶心
奥迪|内饰|恶心
天籁|屁股|恶心
丰田|动力电池|乏善可陈
迈腾|感觉|翻版
丰田，本田|null|烦
兴庆|车行，司机|如龟，烦躁
null|经销网络、媒体关系和品质问题|犯了错误
揽胜|油耗|饭桶
这样的店|轮胎，信誉|有问题，失去信任，非常不道理
日本车|耐撞程度|太软
普锐斯|上街|有风险
途观，指南者，汉兰达|null|fuyun
null|发动机，车重对低速加速的影响|偏高转，负担
奥迪小改款q5|改款|改得很纠结
沃尔沃|处境|尴尬
档杆|使用感觉|钢筋棍
奥迪|保养成本|高
奔驰|保养费|老高了
大众和斯巴鲁|保养费用|高
谷歌无人驾驶汽车|成本|异常高
q3|定价|有些高了
日产楼兰|定价|高
null|故障率，维修费|高，吓死人
奥迪的a1|颜色，价格|null
650i|售价|高
大众的蓝驱|经济上，维修成本，dsg的可靠性|无法相比，高，是个问题
null|刹车，油耗|偏软，高
奔驰奥迪红旗作出租车|油耗，城市的拥堵|高，做了贡献
这款车|动力，油耗|小，高
大众、丰田、本田|价格，配置|高价简配
丰田霸道|价格，油耗，污染|贵，高耗油，高排放
丰田本田|售后，产品|null
奥迪车|用了两年|各种毛病
混合动力车|油耗|根本不省油
宝马|质量|把控的问题
比亚迪|净利润|更差
奔驰c|性价比|更差了
奥迪|嘴|更大了
上一代a4l|和新中网相比|null
君威|车头|拱起来了
a83.0t|null|故障
a6avant|车尾，外观|怪怪的，过于霸气
奥迪a7|溜背设计|怪异
大众|null|鬼地方
320li|价格|贵
6gc|配置|坑爹
audi|价格|贵
q7|价格|贵
q5|大小|大
宝马|价格|贵
奔驰|价格|贵
奔驰|奔驰|价格
奔驰宝马|null|贵
丰田普锐斯|价格|贵
日本车|价格 |贵
奥迪a6l|保养|贵
奔驰|保养费|贵
奔驰|保养|贵
四个圈|服务|贵
null|价格|贵
a1|开价|贵
null|维护|贵
a7和别克|价格，油费|贵，高
x3|价格|贵
东风本田|null|丢人
宝马|null|过敏
日产|产能|过剩
null|尾巴|过时
本田|新款屁股|不好看
rav4|款式|过时了
雅力士和威驰|null|过于寒酸
奥迪|用色|过于激进
荣威|发展状况|还不如
安卓|系统生态圈建设,整体操作体验,工业设计,应用质量|还需努力
比亚迪|技术炒作|还有底线吗
现代|突然加速事件|含糊其辞
奔驰|价格|寒心
奥迪|null|好不到哪里去
null|界面|好恶心
福特车|油耗|好费油
奥迪r8|hellokitty涂装粉红色|好贵，买不起
车|null|好脑残
奥迪|品牌，技术|好你妹，不成熟
奥迪|内室|好小
奇瑞qq|null|和图片一样
比亚迪|维修费|黑心，最大的黑幕
起亚|避震|很差
长城|服务|很差
红色的|null|很嗲
比亚迪|质量|很多问题
null|排量，发动机|很尴尬，无亮点
粉色车|null|很楞也很难看
奥迪|耗机油状况|很厉害
别克|null|很难和奥迪、宝马相提并论
null|4s店维修|很难支付
x1|方向，油门|很重
奔驰|保养价格|很致命
null|原地打方向盘|很重
奥迪|null|恨
沃尔沃|null|恨
奥迪|定价|不厚道
null|质量的提升|忽视了
比亚迪|电池技术|忽悠
奥迪|多媒体，显示屏，倒车雷达，发动机油泵|死机，死机，经常误报，坏了
东风本田、广汽本田、一汽丰田和广汽丰田|库存|销售缓慢
奇瑞|发动机|换
null|设计，地盘结构，tfsi发动机，价格|一样的， 换汤不换药，烧机油，昂贵
别克新君威2.4|水温表|晃动，不正常
奥迪宝马|性能，后期保养|小问题非常多
q3|市场|灰头土脸
日本车|null|悔青了肠子
途观|座椅空间|会卡住啤酒肚
比亚迪|营销|火辣，邋遢
电动车|null|祸害
奥迪|核心技术，全时四驱，fsi全系|没什么像样的，鸡肋，烧机油
丰田车|上路|极大的安全隐患
日本品牌国产汽车|品质|极大的隐患
广汽丰田雅力士，一汽丰田|品牌销量|极其失败
雅阁|油耗，外观|既废油又肉
朗逸|价格，提车时间|加价，过两个月
奔驰|甲醛|超标
宝马|null|生锈
奥迪|发动机|烧机油
null|独立悬挂，车门焊接|减配严重
null|刹车，高级感|震动和前倾，减少
吉利比亚迪长城|null|贱货
null|油耗|在降低点
维修厂里|维修工艺|较大差距
这部车|内饰|无质感，较强的塑料感
比亚迪|手机组件业务、可充电电池和新能源业务，业绩|下滑，进一步恶化
奥迪a6l|内饰与座椅|豪华的，经济型
a6|座椅|居然
福特两厢|null|居然会想去买
一汽奥迪|工作人员|举止野蛮,言语蛮横,态度差
比亚迪|利润，汽车业务，it代工，投资|缩水九成，萎靡不振，严重下滑，无法收回
大众|车系|看不起
起亚|null|看都不要看
奥迪|null|看起来这么不舒服
雪佛兰车|null|靠不住
日产车|null|可怕
丰田|刹车 |刹不住
null|仪表盘，操控区域|可以做得更美
东昌福特4s|维修|坑爹，忽悠
奔驰|保养价格|坑爹
奔驰|后座空间|坑爹
广汽丰田|null|坑爹
日产|款型|一模一样，坑爹
长安福特|null|坑爹
丰田车|保险杠|轻轻一吻就掉了
雪佛兰ssss|保养价格|坑爹
奥迪|null|坑爹
null|头部空间|坑爹
null|自动泊车|坑爹
丰田|中国客户|被坑害，傻逼
宝马|优惠|抠
起亚|null|苦了
它|大天窗|没有
capcom|设定|夸张
null|服务|垃圾
奥迪新a81|设计，贵族感|雷同，拉低
日产|null|来火
别克|null|烂
雷诺|null|烂
帕萨特和迈腾|null|烂
雪佛兰皮卡|创意|浪费
罗拉，佳美，皇冠|null|吃老本
聆风|电池|老化过快
本田|引以为傲的技术，发动机|不见踪影，老迈
奥迪|车型|老气
日系|null|冷淡
null|发动机|启动不了，发动了一个劲的抖
马自达|利润|连亏
保时捷|品牌|廉价
奥迪|刹车|刹车灵敏快后段迟缓
福特|底盘|留有硬伤
大众|传统味道|流失
福特和三菱|null|漏油
null|高速，刹车|断车轴，漏油
新奥拓|制动性能|乱撞人
奔驰|null|落后
奔驰|工业设计，营销定位|远弱于，完全输给
null|延展性，遮瑕|略逊色于
5系宝马|导航|麻烦极了
保时捷|价格|买不起
这两个本田crv|屁股，价格|不好看，高了
奥迪|价格|null
奥迪a6|速度|慢
奔驰|速度|慢
奔驰|对市场的反应速度，降价|慢，严重损害了其品牌价值
辉腾|起步|慢
索兰托|起步，高速提速|不算十分给力，十分吃力
本田|后备箱|迅速折叠
宝马|烧机油，保有量和呼声|真不少，没奥迪多
本田|电池|没电
丰田|混合动力车型|没多少市场
a5|方向，路感指向|偏轻，没法比
别克，比亚迪|视频|没给品牌产品加分，脑残
奇瑞|冒进政策|没看好
tt|null|去死吧，没那么霸气
宝马|服务态度|没人搭理
benz|null|没什么好感
比亚迪|打造品质|没水准
开这种车的|null|没素质
丰田iq|null|没戏
a4|保养周期|没优势
3w4刀的奥迪|天窗，内饰，轮毂，坐垫，安全气囊|没有，没好看的，没霸道的，没加热的，自配
比亚迪|创新，销量和利润|没有，没有支撑点
丰田|设计|没有
日系车|安全|没有保障
大众|null|没有底线
大众|服务|没有这么好
吉普|logo|美中不足
雅马哈|废气检测|无法过线
a4|null|被秒杀
gt86|null|名不正,言不顺
null|侧倾，凹凸路面状况|明显，较颠簸
null|顿挫感|明显
五菱|null|模仿
比亚迪|造型|模仿
奔驰的blueefficiency|内容，概念|宽泛，模糊
奥迪|小毛病|那么多
奥迪宝马|后面|那幺小
大众|广告|难懂
两万块钱的车|null|难开
a7|外观|难看
揽胜，X6，桑塔纳|外观|难看
宝马|外观|难看
奇瑞qq|外观|难看
null|车尾|难看
q5|轮毂|难看
null|屁股|难看
奥拓|null|难以成为奥迪
比亚迪|null|脑残才买
奥迪|null|脑子被枪打过了
日产，起亚|null|一个鸟样
null|参观人数，规模和档次|配不上国际标准
null|定价|偏高
大众|刹车|偏软
null|刹车|偏硬
汉兰达|爬坡能力|坡难爬
奥迪|null|破
别克凯越|null|破
s60|安全系数|null
比亚迪|null|破车
雪佛兰|null|破车
丰田4s|null|破丰田4s
奥迪a4l|刹车油管|破裂，失望至极
日系车|市场份额|降低了，前景堪忧
null|舒适|欠缺
日产车商|null|强烈鄙视
null|车身|轻
本田|底盘|轻
奥迪|车身|嘴硬
大众|汽车|去shi
通用雪佛兰迈锐宝|null|去他妈的
福特|四缸涡轮引擎|缺德
null|内部空间|小
奥迪|烧机油|缺点
民族品牌|竞争力|缺乏
null|耆侈品的内在|缺乏
丰田|设计师|缺乏想象力
a6l和a8l|霸气|缺少
日产|设计|缺陷
日本车|null|确实不好
奇瑞a3，长安悦翔，天津一汽威志|安全，自主品牌|存在极大风险，让人担忧
奥迪|操控|让人难受
大众旗下的中高端品牌|质量|让人深思
雪佛兰|销售顾问的低级错我|让人无语
null|设计|不人性化
电镀奥迪r8|反光|厉害，容易追尾
null|提速，涡轮增压|肉
雷克萨斯、马自达|铁皮|软
奔驰e|竞争力，中期改款内饰|弱，不会有质的飞越
斯巴鲁|宣传效果|弱
奔驰宝马奥迪路虎|null|弱爆了
福特|ecu位置，后排座椅|弱智，薄的不能再薄
null|发动机|烧机油
crv|狂追奥迪|傻b
丰田|null|傻b
丰田|null|傻逼
韩国车|null|山寨车
byd比亚迪速锐|山寨|无耻
小4|耐撞程度|伤痕累累
别克|营销|上当
奇瑞|null|上进一点
大众|null|没好感
tt|发动机|烧机油
奥迪车|发动机|烧机油
奥迪|发动机|烧机油
奥迪q5|发动机|烧机油
大众系|发动机|烧机油
德系车|油耗|油耗过量
奔驰|涡轮|渗油
奥迪|涡轮|烧机油
宝马|涡轮|还没检验
rs5|推背感|稍弱
null|分量|少
东莞卖车|优惠幅度|少
日系车|零件|少了零件
日系车|电瓶容量|少了一半
奔驰|售后|深似海
大众|油耗|烧汽油，烧机油
奇瑞|设计|挑战了审美底线
大众|前脸设计|审美疲劳
null|发动机|渗机油
1系、3系|null|生锈
宝马|null|生锈
宝马118i|null|生锈
新3系|座椅架|生锈
安信丰田|null|声讨
丰田|null|失败
比亚迪速锐|广告|失败
大众|品牌定位|失败
宝马奔驰奥迪|null|失了光彩
新宝马3系|视频|失落
null|操控，安全性|失去了
null|null|失望
大众|null|失望
雪佛兰4s店|null|失望
奔驰|售后，操控，性价比|不如，失望
雪佛兰4s店|null|失望之极
null|品牌影响力|实在太差
奥迪a3|null|屎
奔驰宝马奥迪|售后服务|屎一样
奔驰1.8t|涡轮漏油|是必然的，是常态的
奥迪|缺点|数不清
雷克萨斯|品牌|衰败
奔驰|null|水土不服
多媒体中控台|null|死机
null|显示屏，倒车雷达|死机，误报
比亚迪|车的质量|垃圾，不彻底改革
汽车工业|null|死循环
宝马|销售员|素质低下
本田丰田|null|算什么
丰田雅力士|事故率|排在第一
大众奥迪|null|太残
永达福特|维修技术|太差
宝马|null|太好
自行车|null|太次
q5|大小|太大
迪奥|档次|太低
null|性价比|太低
奥迪|性价比|太低
奥迪a4|性价比|太低
null|槽点|太多
帕萨特|气管|太多
比亚迪遥控汽车|营销手段|太恶心了
这材质|材质保养|太费劲
宝马|null|太小三
奔驰|null|太嚣张
奥迪|null|太腐败
奥迪旧车|故障率|太高
高尔夫|利润|太高
通用的v8引擎|排量，税收|太高，交不起
null|刹车|太高了
东风本田|业务|太古寒
丰田|价格，厂商|太贵，日本产的
劳斯莱斯|价格|太贵
悍马|油耗|太耗油
奥迪|null|太厚实
奥迪|null|太旧
2.5t版本|动力|太可怕
no.7kia|null|太烂
日本车|车皮|太烂
mg3|null|太冷门
奥迪|内饰，车门|太难看
2.0d-link奥迪tt|外形|太女人，不够man
福特|设计|太糗
大众的车|null|太死板
q3|空间|太小
a6|空间|太小
奔驰c|空间|太小
奥迪|轮毂|太小
q3|空间|太小了
沃尔沃|空间|太小气，不够大
a4|发动机|犹豫
byd|null|byd
奔驰，宝马，奥迪|成绩|不如意
奥迪a1|文化情结|缺了点
大众|null|比不上奥迪
别克|null|不能接受
奥迪|null|null
奥迪a6|车风车德|null
自主品牌|尺寸，品质，附加值|提高
奔驰|null|彻底靠边站
城市风格家轿|策略|移植
三星lg，现代起亚|null|韩国出了
翼虎suv|null|推
新款蒙迪欧|null|推
奥迪|null |肿么没有
奥迪|null|不喜
某车|增压发动机，全焊接底盘，速度|不死人才是怪事
混合动力车|混动，电池，限制条件|相当多
新奥迪a4l|精准操控，加长版，主打|到底是想怎么卖
丰田|车型|比不上
奔驰，奥迪|时尚|大钱花在时尚上
进口奥迪a8|级别|霸气外露
起亚k5|外形，性能|中看不中用
这款|null|最丑的，不看好
null|档次|不是一个档次
奥迪|null |不喜欢
奥迪|驾驶体验、动力、顿错|差点
吉利、比亚迪、奇瑞|null|差远了
吉利、比亚迪、奇瑞|null|差远了
null|离合|超高
沃尔沃|发动机|成熟
q7|null|浮夸
q3|null |水
本田|null |null
宝马x1|价格、加速性|null
拖拉机|越野性能、价格|null
奔驰|null |土豪气
奥迪|null|低调
宝马|null|喜欢的车子不是
奔驰|null |喜欢的车子不是
奥迪|null |喜欢的车子不是
雷克萨斯|null |喜欢的车子是
null|外形|杯具
宝马x3|null |吃灰
高尔夫6、cc、b7|null |不太喜欢
高6|更长更宽|加强
雅阁8|造型|动感紧凑
奔驰|null |独有
奥迪|null |独有
迈腾|轮胎|翻新、喜欢、低对大众的信赖
科鲁兹|null|费油
奥迪、宝马|null|浮云
福特|销售量|惊人、墨守成规
通用|null |墨守成规、赶超
丰田维修团队|低效|低效
宝马x1|内饰、价钱|钢性、不能满足
大众|车价|高
奥迪|车价|高
奔驰|车价|高
宝马|车价|高
保时捷|车价|高
大众|装配精度|高
雷克萨斯|价|内幕
德系benz|null|高端
bmw|null |高端
雷克萨斯|品牌、性价比、售价|高端
法拉利|驾驶快感|高贵
法拉利|驾驶快感|高贵
奥迪|null|更好的选择
新cr-v|座椅|更舒适
null|前驱|怪胎
本田|null|冠军
日系车|做工|曾
奥迪|质感|还需努力
别克encore|null|憨厚
奔驰|豪贵|豪贵
别摸我|劲力|劲力
奥迪|null|一致力
宝马|null |豪华
奔驰|null |稳态
a8|好看|小气
null|技术|很成熟
马六|降价|降价
迈腾新车|块头|惊人
宝马|做工|粗糙
别克gl8|发动机|开锅
眼镜蛇跑车|速度|快
q5|脸谱|老气
一汽、上汽|品牌|老字号
别克|烧油|厉害
比亚迪|车身尾部|亮眼
null|颜色|蛮漂亮
奥迪|null|平庸
民企的|null|气派
帕萨特|普通倒车影像系统，停车线|传统，失真，变形，固定静态
奥迪s5|外观内饰，动力系统|弱爆了
minicooper|头灯设计|所缺乏的锐利与霸气
奥迪|null|失去信心
雷克萨斯es|null|失去信心
1系|null|无爱
奥迪|null|算个鸟
奥迪|选配内饰|太死板了
宝马奔驰|null|太张扬
奥迪|null|宝马别向奥迪靠拢就行
福特|null|偷偷摸摸
奥迪|内饰|土
新迈腾，新帕萨特，新郎逸，新宝来|前脸|完全一个样
奥迪|null|喜欢
奔驰|null|不喜欢
奥迪，宝马，保时捷|null|暴发户，爱玩爱闹，死要面子
铃木|null|不好看
红旗|null |不喜欢
t34拖拉机|null|null
宝马奥迪|null|街车，全部暗淡
某品牌|品牌|不喜欢
一汽大众|前脸|制服化
丰田坦途|车型|null
奇瑞，比亚迪，吉利|null|严重
长安福特|null|null
兰博基尼|null|不喜欢
三菱4s店|null|砸
你的车|null|太不够档次
凯旋|底盘，车身|岂有不输之理
null|造型|null
媒体|业务水平|null
座位|格局|独特
suv|路感、油耗、空间| 差、大、小
奔驰|null|null
奥迪新a8l|设计|雷同
奔驰|null|不喜欢
